id,first_name,last_name,experienceYears,passedExams,dateOfBirth,email,phone
1,Cordie,Stopher,2,18,1996,cstopher0@list-manage.com,+675 225 991 5414
2,Bart,Cominetti,3,22,1980,bcominetti1@histats.com,+54 206 734 5706
3,Marylee,Meadowcraft,11,26,1971,mmeadowcraft2@bloomberg.com,+1 412 500 5829
4,Hermon,Bisley,13,23,1981,hbisley3@posterous.com,+98 477 971 9454
5,Jilly,Ratchford,9,21,1980,jratchford4@deliciousdays.com,+7 112 226 2973
6,Maddie,Poure,15,5,1999,mpoure5@netlog.com,+60 456 102 3859
7,Phillis,Stancer,6,15,1997,pstancer6@dailymail.co.uk,+48 846 779 8988
8,Marianne,Hedges,4,5,1981,mhedges7@alexa.com,+353 358 731 8296
9,Beckie,Apps,17,7,1972,bapps8@elpais.com,+372 504 293 5690
10,Isak,Pretor,4,13,1990,ipretor9@jugem.jp,+7 897 749 9825
11,Cristian,Belchem,10,5,1973,cbelchema@histats.com,+380 662 166 6602
12,Norean,Jeannel,13,14,1980,njeannelb@princeton.edu,+593 881 382 7580
13,Ruddy,Hallagan,11,3,1970,rhallaganc@noaa.gov,+86 594 893 8243
14,Cleavland,Bewsey,1,19,1970,cbewseyd@hibu.com,+351 210 276 5568
15,Emlynne,Gauchier,5,28,1999,egauchiere@ovh.net,+967 913 289 5766
16,Shelley,Branston,11,5,1976,sbranstonf@businessweek.com,+351 915 399 7352
17,Kliment,Willows,2,7,1984,kwillowsg@apple.com,+351 351 101 6298
18,Mei,Drever,12,11,1989,mdreverh@nasa.gov,
19,Martelle,Guirard,2,30,1970,mguirardi@ted.com,+46 139 272 1921
20,Jard,Coolican,9,8,1980,jcoolicanj@timesonline.co.uk,+86 922 645 3221
21,Inge,Winspeare,5,11,2001,iwinspearek@usa.gov,+502 875 856 6973
22,Timofei,Rominov,7,31,1989,trominovl@webeden.co.uk,+86 350 751 9813
23,Chance,Munnings,6,22,1991,cmunningsm@adobe.com,+46 747 361 2689
24,Kerry,Velten,14,21,1979,kveltenn@google.co.jp,+33 413 484 1843
25,Ebeneser,Goodhay,15,10,1983,egoodhayo@nba.com,+81 776 218 8122
26,Galina,McGahern,7,12,1975,gmcgahernp@hao123.com,+351 524 125 6204
27,Locke,Widdison,13,15,1973,lwiddisonq@google.com,+62 322 878 1183
28,Leelah,Knudsen,2,5,1970,lknudsenr@vk.com,+1 865 502 6606
29,Beverie,Kellogg,8,22,1973,bkelloggs@indiegogo.com,+86 652 207 5969
30,Lev,Lamba,5,19,1997,llambat@comsenz.com,+55 705 251 0898
31,Shaylynn,Crix,14,12,1998,scrixu@yelp.com,+86 399 430 0503
32,Em,Peniello,6,30,1981,epeniellov@constantcontact.com,+32 402 687 2107
33,Berny,Lodwig,1,6,1989,blodwigw@va.gov,+86 937 633 1930
34,Morly,Croad,3,18,1974,mcroadx@imageshack.us,+86 726 685 6495
35,Briant,Cluitt,16,32,1998,bcluitty@chronoengine.com,+86 520 953 3170
36,Charlena,McCuthais,7,7,1969,cmccuthaisz@etsy.com,+7 347 567 3397
37,Corabel,Macklam,17,30,1971,cmacklam10@wufoo.com,+44 364 699 0765
38,Tess,Genery,16,9,1996,tgenery11@bloomberg.com,+963 974 252 2820
39,Shalna,Sibbert,4,12,1990,ssibbert12@businesswire.com,+420 857 133 0308
40,Riva,Hultberg,12,22,1974,rhultberg13@wikia.com,+352 357 708 2380
41,Horatio,MacKellar,7,14,1972,hmackellar14@auda.org.au,+34 224 343 6998
42,Dominica,Dunsmuir,8,6,1970,ddunsmuir15@amazonaws.com,+20 262 111 0356
43,Dotty,Skippings,11,4,1986,dskippings16@i2i.jp,+86 212 370 7684
44,Christa,Espinazo,10,30,1999,cespinazo17@marriott.com,+62 432 102 2297
45,Maxy,Bleeze,7,4,1969,mbleeze18@cyberchimps.com,+62 498 778 9337
46,Mano,Lamminam,3,3,2002,mlamminam19@wufoo.com,+63 600 530 7509
47,Hodge,Tritten,6,30,1974,htritten1a@about.me,+852 977 727 5484
48,Clerc,Grimwade,11,12,1993,cgrimwade1b@newyorker.com,+1 559 257 6655
49,Gonzales,Gwinnell,15,7,1981,ggwinnell1c@addthis.com,+84 388 433 4194
50,Ciro,Richie,7,21,1992,crichie1d@pagesperso-orange.fr,+62 772 182 8444
51,Farr,Woolaston,2,9,1977,fwoolaston1e@smugmug.com,+81 243 185 6906
52,Devinne,Clineck,7,32,1981,dclineck1f@soup.io,+58 892 229 7519
53,Constantine,Januszkiewicz,6,24,1990,cjanuszkiewicz1g@tuttocitta.it,+593 953 968 1641
54,Madeleine,Priver,3,10,1989,mpriver1h@comcast.net,+502 800 406 5800
55,Flss,Arlott,14,18,1986,farlott1i@imageshack.us,+48 118 261 0489
56,Clarice,Cradey,8,26,2001,ccradey1j@linkedin.com,
57,Edin,Litchmore,8,19,1969,elitchmore1k@ask.com,+46 962 417 2079
58,Lauryn,Ede,10,19,1977,lede1l@aboutads.info,+33 810 508 2444
59,Sunny,Kadwallider,12,13,1998,skadwallider1m@who.int,+503 338 726 9410
60,Aaren,Beckingham,12,32,1996,abeckingham1n@kickstarter.com,+254 302 113 2755
61,Corry,Crocker,14,4,1973,ccrocker1o@bluehost.com,+970 317 978 1314
62,Bayard,Heaffey,12,15,2002,bheaffey1p@arstechnica.com,+358 216 275 2150
63,Catha,Gigg,6,25,2002,cgigg1q@accuweather.com,+86 638 388 4659
64,Mora,Dairton,1,23,1996,mdairton1r@miitbeian.gov.cn,+7 381 396 7846
65,Sigismundo,Hellier,0,24,1976,shellier1s@abc.net.au,+269 216 878 4305
66,Annecorinne,Piaggia,3,21,1993,apiaggia1t@wp.com,+86 485 522 0209
67,Britt,Membry,11,6,1976,bmembry1u@cbsnews.com,+57 904 916 5177
68,Ardenia,Britnell,11,11,1986,abritnell1v@myspace.com,+86 824 125 3050
69,Faunie,Kubat,4,24,1986,fkubat1w@spiegel.de,+62 333 489 9125
70,Thayne,Ewestace,2,18,1973,tewestace1x@theguardian.com,+33 844 955 4388
71,Rozalie,Golsby,8,23,1986,rgolsby1y@google.co.jp,
72,Barby,Disbury,17,11,1991,bdisbury1z@example.com,+48 992 219 2071
73,Pierette,Scraney,10,19,1969,pscraney20@gmpg.org,+964 659 736 9836
74,Renaldo,McClenan,9,20,1992,rmcclenan21@tinyurl.com,+86 733 999 0285
75,Husein,Lyal,12,28,1986,hlyal22@dion.ne.jp,+62 906 205 2829
76,Dennet,Looney,9,2,2001,dlooney23@aboutads.info,
77,Corbin,Phillcox,11,17,1982,cphillcox24@blogtalkradio.com,+86 712 683 5349
78,Derrek,Byram,11,2,1980,dbyram25@irs.gov,+1 609 194 0808
79,Sonnnie,Hessing,1,25,1969,shessing26@dropbox.com,+420 465 674 4854
80,Hyacinthia,Lantiff,10,17,1992,hlantiff27@apache.org,+84 593 460 3265
81,Lucho,De Fries,0,4,1971,ldefries28@nyu.edu,+63 762 712 2913
82,Marve,Leggat,8,2,1986,mleggat29@guardian.co.uk,+86 554 388 4259
83,Turner,Torrent,17,13,1989,ttorrent2a@bizjournals.com,+506 355 288 5843
84,Gawen,Montier,12,22,1991,gmontier2b@squarespace.com,+86 331 828 5282
85,Scotti,Craddock,13,13,1982,scraddock2c@wiley.com,+242 867 432 6642
86,Aile,Mallabone,15,12,1979,amallabone2d@toplist.cz,+86 379 491 6232
87,Ransom,Beevor,14,5,1983,rbeevor2e@ftc.gov,+86 238 384 5475
88,Clarice,Vasilic,11,13,1969,cvasilic2f@flavors.me,+244 156 525 8634
89,Donovan,Zorzenoni,17,5,1985,dzorzenoni2g@domainmarket.com,+52 733 718 3417
90,Saundra,Edgars,2,2,1990,sedgars2h@ucla.edu,+62 420 581 4618
91,Jeniffer,McReath,11,19,1997,jmcreath2i@wikipedia.org,+62 863 389 4944
92,Faustina,Venmore,12,25,1973,fvenmore2j@msn.com,+220 190 178 2003
93,Nettle,Ashbe,7,3,1993,nashbe2k@usatoday.com,+48 767 934 1225
94,Marcy,Yesenin,14,17,1998,myesenin2l@google.cn,+86 895 959 9676
95,Jeffrey,Dingate,14,0,2002,jdingate2m@livejournal.com,+62 181 588 6962
96,Ash,Kimmitt,10,8,2002,akimmitt2n@adobe.com,+7 963 608 8824
97,Sonya,Gagg,5,29,2002,sgagg2o@redcross.org,+351 155 781 8374
98,Dareen,Nott,4,20,1985,dnott2p@mtv.com,+386 660 300 6426
99,Cori,Moncreiff,0,28,1982,cmoncreiff2q@imageshack.us,+86 952 138 0378
100,Cindra,Corris,16,21,1989,ccorris2r@yahoo.com,+55 571 416 8142
101,Zacharia,Mardee,1,30,1997,zmardee2s@slashdot.org,+51 791 856 9759
102,Romy,Ende,6,3,1992,rende2t@comcast.net,+58 972 620 2625
103,Rainer,Cragoe,10,23,1984,rcragoe2u@intel.com,+86 532 830 9429
104,Thurstan,Ebbs,2,24,2002,tebbs2v@ycombinator.com,+63 291 274 5548
105,Konstance,Spiers,4,8,1985,kspiers2w@usatoday.com,+30 913 775 3429
106,Desi,Dran,17,25,1976,ddran2x@ed.gov,+27 828 390 8336
107,Matilda,Yerson,0,32,2001,myerson2y@shutterfly.com,+358 656 645 9059
108,Koralle,Rigard,2,12,1981,krigard2z@shareasale.com,+62 541 743 6671
109,Wit,Garza,11,25,1992,wgarza30@usda.gov,+62 270 213 9850
110,Maynard,Benko,13,23,1991,mbenko31@mail.ru,+970 872 270 8166
111,Barthel,D'Hooge,10,12,1993,bdhooge32@google.pl,+86 588 376 2714
112,Pier,Lottrington,1,29,1997,plottrington33@mtv.com,+62 536 491 1456
113,Helge,Hark,1,6,1995,hhark34@comsenz.com,+62 909 316 2713
114,Arluene,Heinel,11,1,1995,aheinel35@shutterfly.com,+86 739 727 4980
115,Jacki,Yelding,10,3,2002,jyelding36@stanford.edu,+33 983 803 6339
116,Cicily,MacIlurick,13,25,1969,cmacilurick37@rambler.ru,+52 625 654 3435
117,Berenice,Galler,0,6,1991,bgaller38@reference.com,+998 876 174 7928
118,Anny,McKeon,11,21,2000,amckeon39@whitehouse.gov,+992 171 508 3682
119,Gal,Saint,1,2,1976,gsaint3a@jigsy.com,+7 874 769 4071
120,Delbert,Colgrave,9,22,1972,dcolgrave3b@ezinearticles.com,+62 557 368 1948
121,Henryetta,Simla,16,28,1976,hsimla3c@seesaa.net,+380 451 236 4782
122,Manon,Diggens,5,20,1980,mdiggens3d@rakuten.co.jp,+63 606 699 5856
123,Isak,Corderoy,13,5,2001,icorderoy3e@discuz.net,+86 377 667 9429
124,Gallagher,Denslow,12,3,1981,gdenslow3f@meetup.com,+261 612 875 4024
125,Lyman,Butterfill,10,19,1989,lbutterfill3g@dell.com,+62 314 429 4900
126,Kane,Toulamain,8,20,1972,ktoulamain3h@so-net.ne.jp,+1 518 916 2369
127,Bud,Van den Velden,16,16,1987,bvandenvelden3i@cmu.edu,+380 128 108 6243
128,Thoma,Orhtmann,4,13,1975,torhtmann3j@macromedia.com,+63 455 776 0168
129,Stevana,Chaman,3,17,1985,schaman3k@msn.com,+30 543 260 6547
130,Alecia,Cutts,17,4,1988,acutts3l@devhub.com,
131,Bord,Betun,9,28,1971,bbetun3m@msu.edu,+86 353 502 5806
132,Cori,Dyment,9,18,1999,cdyment3n@cam.ac.uk,+60 705 830 8315
133,Sawyere,Hanssmann,8,2,1991,shanssmann3o@squidoo.com,+63 451 661 9906
134,Gillie,Kittiman,12,0,1985,gkittiman3p@vkontakte.ru,+86 938 841 0796
135,Adrianne,Emmerson,4,32,1980,aemmerson3q@about.com,+504 561 231 8930
136,Madeleine,Skally,4,14,1979,mskally3r@joomla.org,+66 837 223 1997
137,Corella,Shead,0,7,2002,cshead3s@psu.edu,+86 859 756 3608
138,Lila,Chiechio,17,32,1990,lchiechio3t@qq.com,+262 794 613 8755
139,Bartlett,Nickoles,13,22,2000,bnickoles3u@amazon.de,+234 647 188 9302
140,Jon,McKerrow,4,3,1972,jmckerrow3v@live.com,+86 280 107 6088
141,Viviyan,Marfield,13,3,1979,vmarfield3w@gov.uk,+62 101 362 5814
142,Libbi,Biner,10,24,1976,lbiner3x@deviantart.com,
143,Theobald,Avrahamov,17,10,2002,tavrahamov3y@xrea.com,+1 682 228 6381
144,Riccardo,Blockey,0,5,1992,rblockey3z@tinyurl.com,+856 721 331 0649
145,Carlen,Beaman,10,17,1996,cbeaman40@tiny.cc,+46 793 535 1193
146,Cletis,Fries,8,24,1976,cfries41@last.fm,+48 139 624 2902
147,Inger,Halsted,3,9,1998,ihalsted42@smh.com.au,+81 732 171 2852
148,Lucilia,Allenson,9,27,1995,lallenson43@slashdot.org,+351 591 538 8639
149,Rafael,Masterman,4,3,1989,rmasterman44@hud.gov,+20 187 586 7205
150,Gran,Simms,13,12,1991,gsimms45@google.co.uk,+54 831 582 0747
151,Loralyn,Pedroni,7,8,1983,lpedroni46@yelp.com,+52 892 546 5535
152,Fitzgerald,Ackland,2,8,1972,fackland47@youtube.com,+48 450 885 9836
153,Boone,Bowdler,2,25,1971,bbowdler48@google.com.hk,+63 900 988 0413
154,Harrie,Aseef,6,24,1973,haseef49@posterous.com,+62 915 665 0049
155,Keri,Najafian,7,20,1983,knajafian4a@google.com.au,+7 961 307 1872
156,Rycca,Wordley,7,13,1993,rwordley4b@umn.edu,+60 615 882 0994
157,Kellen,Wedmore,16,0,2000,kwedmore4c@reverbnation.com,+30 544 796 7999
158,Gardener,Bootell,12,18,1970,gbootell4d@lycos.com,+49 398 331 2000
159,Heall,Widdowfield,16,12,1984,hwiddowfield4e@freewebs.com,+1 667 163 3339
160,Tull,Shieber,2,6,1997,tshieber4f@csmonitor.com,+86 316 365 5807
161,Ivy,Broyd,4,7,1989,ibroyd4g@berkeley.edu,+86 510 169 3941
162,Cherilynn,Pudge,0,5,1981,cpudge4h@indiegogo.com,+7 627 373 6761
163,Cassy,Penylton,14,10,1982,cpenylton4i@gnu.org,+7 249 965 9992
164,Arabela,Cavendish,12,27,1969,acavendish4j@wikia.com,+380 387 399 4998
165,Randene,Attac,5,9,1970,rattac4k@ustream.tv,+86 616 203 6639
166,Mellie,Syme,7,8,1977,msyme4l@sciencedirect.com,+1 314 383 6424
167,Wheeler,Ketton,8,18,1972,wketton4m@samsung.com,+48 281 945 8833
168,Fonzie,Hardes,4,22,1995,fhardes4n@bloglines.com,+33 191 273 2036
169,Gaylord,Collen,6,17,1977,gcollen4o@is.gd,+55 693 107 7643
170,Waiter,Elnough,1,12,1989,welnough4p@craigslist.org,+46 413 983 5092
171,Kathe,Leek,4,10,1988,kleek4q@blogger.com,+358 351 140 3743
172,Vida,Lukianovich,4,13,1993,vlukianovich4r@infoseek.co.jp,+359 425 853 5333
173,Karim,Mephan,12,27,1986,kmephan4s@digg.com,+66 340 887 7433
174,Ogden,Janous,10,14,1986,ojanous4t@discuz.net,+7 296 916 8618
175,Sonnnie,Cozzi,3,1,1987,scozzi4u@themeforest.net,+7 112 158 9225
176,Catlin,Milson,14,18,2000,cmilson4v@paginegialle.it,+55 378 436 8572
177,Alli,Lythgoe,2,0,1984,alythgoe4w@telegraph.co.uk,+1 321 796 1539
178,Marietta,McLane,2,24,1970,mmclane4x@baidu.com,+62 800 223 2929
179,Diann,Vaz,5,31,1988,dvaz4y@ucla.edu,+63 689 170 6139
180,Timmi,Varian,10,1,1988,tvarian4z@ow.ly,+381 387 504 6841
181,Gerik,Gecks,8,14,1989,ggecks50@fastcompany.com,+230 602 251 9552
182,Sela,Ropkes,2,28,1985,sropkes51@ucsd.edu,
183,Othelia,Brickhill,9,17,1982,obrickhill52@abc.net.au,+86 520 678 9752
184,Ferne,Wyche,7,7,1976,fwyche53@about.com,+81 748 104 6769
185,Francine,Landall,13,28,2000,flandall54@smh.com.au,+351 678 979 3280
186,Cobby,Bagby,6,23,1996,cbagby55@topsy.com,+46 572 412 3958
187,Dulcia,Puckrin,0,17,1988,dpuckrin56@springer.com,+62 673 397 2294
188,Iain,Grainger,4,13,1989,igrainger57@wiley.com,+234 187 682 8786
189,Nerita,Lissett,5,4,1980,nlissett58@blogger.com,+33 172 864 3810
190,Padget,Hegg,8,18,1993,phegg59@npr.org,+81 803 600 4948
191,Rufus,Llewellen,5,4,1992,rllewellen5a@msn.com,+54 724 548 8597
192,Hogan,Gerrietz,10,31,1997,hgerrietz5b@mapquest.com,
193,Carilyn,Hulburt,10,14,1999,chulburt5c@ustream.tv,+81 441 106 8987
194,Osbert,Luppitt,16,12,1969,oluppitt5d@weather.com,
195,George,De Francisci,16,11,1986,gdefrancisci5e@house.gov,+7 887 879 5898
196,Meagan,Blenkensop,0,13,1984,mblenkensop5f@hhs.gov,
197,Fonzie,Clarson,1,18,1975,fclarson5g@forbes.com,+255 454 811 5234
198,Lucho,Rudge,7,16,1972,lrudge5h@newyorker.com,
199,Thalia,Hubbert,3,10,2002,thubbert5i@cloudflare.com,+30 153 376 5071
200,Harli,Scyner,1,32,1978,hscyner5j@admin.ch,+371 293 425 3264
201,Bernette,Stowers,7,28,1970,bstowers5k@tuttocitta.it,+62 285 627 0265
202,Rikki,Benedit,2,5,1974,rbenedit5l@abc.net.au,+351 778 785 7221
203,Fayre,Burroughes,6,24,1987,fburroughes5m@uol.com.br,+86 570 872 6989
204,Adel,Grestye,9,7,1975,agrestye5n@scientificamerican.com,+420 959 260 8818
205,Rachael,Saddleton,6,13,1981,rsaddleton5o@addthis.com,+86 162 413 7083
206,Reggy,Averies,4,32,1991,raveries5p@ucoz.com,+33 743 320 8582
207,Gradeigh,Sunners,16,5,1985,gsunners5q@dailymotion.com,+7 863 839 4406
208,Ermin,Arrighetti,6,22,1984,earrighetti5r@nsw.gov.au,+504 181 684 4090
209,Tiler,Elan,14,21,1969,telan5s@freewebs.com,+48 100 127 4837
210,Winna,Doncom,1,27,1971,wdoncom5t@spiegel.de,+86 117 250 8492
211,Rhea,Cregg,2,16,1990,rcregg5u@jugem.jp,+62 565 236 2147
212,Devy,Spong,11,1,1990,dspong5v@feedburner.com,+86 732 681 1420
213,Maybelle,Thoday,14,3,1991,mthoday5w@ifeng.com,+94 121 727 8859
214,Randolph,Carnilian,15,22,2002,rcarnilian5x@seattletimes.com,+51 440 775 5588
215,Gwennie,Wonfar,5,20,2001,gwonfar5y@senate.gov,+1 446 164 4574
216,Rorke,McCosker,8,13,1972,rmccosker5z@unicef.org,+62 169 695 2662
217,Gunilla,Nudd,6,13,1989,gnudd60@wix.com,+387 750 840 1630
218,Aleta,Charlesworth,12,17,1999,acharlesworth61@fc2.com,+62 750 147 7024
219,Rhodie,Stokell,4,5,1983,rstokell62@php.net,+86 501 908 5378
220,Trent,Kilborn,15,11,1978,tkilborn63@symantec.com,+263 815 378 5349
221,Ferdinanda,Cammack,16,2,1987,fcammack64@china.com.cn,+420 104 771 4200
222,Spike,Allmann,10,20,1983,sallmann65@earthlink.net,+420 205 726 4472
223,Francine,Tudgay,13,11,1989,ftudgay66@over-blog.com,+230 196 411 2328
224,Billye,Arthy,14,14,1975,barthy67@creativecommons.org,+55 624 460 1056
225,Cleon,Parry,1,22,1969,cparry68@aboutads.info,+46 817 165 0893
226,Mimi,Domico,6,20,1999,mdomico69@umn.edu,+261 619 707 7680
227,Thalia,Hinrich,8,15,1978,thinrich6a@dedecms.com,+86 724 950 3212
228,Marsiella,Heitz,5,16,1980,mheitz6b@quantcast.com,+358 643 734 1882
229,Ryley,Martynov,5,22,1971,rmartynov6c@virginia.edu,+55 619 218 4813
230,Tommie,Fuzzens,5,4,1985,tfuzzens6d@github.com,+249 335 927 5823
231,Adelind,Cattell,3,25,1985,acattell6e@spotify.com,+92 312 630 0278
232,Casper,Penfold,14,28,1973,cpenfold6f@answers.com,+420 392 829 7736
233,Gar,Frain,11,16,1980,gfrain6g@unicef.org,+93 218 324 5034
234,Jorey,Halvorsen,6,31,1980,jhalvorsen6h@tiny.cc,
235,Gideon,Staterfield,5,23,2000,gstaterfield6i@live.com,+86 479 509 2966
236,Zea,Sharpless,1,24,2001,zsharpless6j@paginegialle.it,+33 732 516 5233
237,Robbin,Klehyn,0,0,2000,rklehyn6k@scribd.com,+62 339 435 4641
238,Pearce,Grimsdale,13,32,1986,pgrimsdale6l@uol.com.br,
239,Hy,Guerrin,4,18,1983,hguerrin6m@vkontakte.ru,+385 347 251 6662
240,Alastair,Valentin,7,19,1993,avalentin6n@skype.com,+86 940 977 4357
241,Louie,Burkinshaw,3,23,1971,lburkinshaw6o@hubpages.com,+351 124 306 1505
242,Siegfried,Cleynman,10,7,1982,scleynman6p@rambler.ru,+356 791 358 9880
243,Melli,Klimczak,16,29,1982,mklimczak6q@live.com,+86 976 703 1868
244,Jess,Prewett,17,31,1977,jprewett6r@illinois.edu,+351 999 933 2268
245,Carny,Loosemore,13,16,1989,cloosemore6s@cafepress.com,
246,Celene,Gueinn,4,10,1975,cgueinn6t@imageshack.us,+62 589 892 7017
247,Anestassia,Doige,7,5,1981,adoige6u@etsy.com,+81 380 183 4729
248,Marilin,Layzell,12,29,1978,mlayzell6v@jalbum.net,+967 668 448 8124
249,Rafi,Benyan,12,30,2002,rbenyan6w@networksolutions.com,+86 572 211 0778
250,Patric,Cohn,14,30,1976,pcohn6x@comcast.net,+385 287 344 3096
251,Vlad,Stranio,15,22,1982,vstranio6y@mail.ru,+420 436 331 1318
252,Regen,Keuneke,7,29,1995,rkeuneke6z@biblegateway.com,+27 179 109 2869
253,Tomi,Cawsy,11,30,1983,tcawsy70@diigo.com,+359 807 911 1282
254,Bernie,Hugnet,15,7,1975,bhugnet71@sohu.com,+86 450 165 6075
255,Claudelle,Crampsey,1,1,2001,ccrampsey72@fc2.com,+972 355 196 6651
256,Dick,Towse,7,29,1969,dtowse73@howstuffworks.com,+386 761 765 9220
257,Madella,Catonnet,8,13,1982,mcatonnet74@weibo.com,+86 971 222 1584
258,Mechelle,Ive,10,15,1986,mive75@usatoday.com,+55 291 787 2143
259,Doroteya,Hemphall,15,9,1978,dhemphall76@instagram.com,+62 188 637 9940
260,Jeromy,Braden,12,3,1997,jbraden77@hibu.com,+33 226 728 0987
261,Guenna,Pietruszka,2,32,1975,gpietruszka78@i2i.jp,+86 919 265 4302
262,Ryun,Hadye,17,20,1988,rhadye79@a8.net,+63 139 384 9856
263,Darnall,Santen,3,3,1977,dsanten7a@skype.com,+7 918 218 9074
264,Christel,Whiffin,5,12,1993,cwhiffin7b@skyrock.com,+972 669 363 1703
265,Boyce,Granham,3,16,1976,bgranham7c@hatena.ne.jp,+86 891 254 2685
266,Isaak,Jahndel,14,7,1987,ijahndel7d@twitpic.com,+98 922 933 2921
267,Elberta,Endon,10,30,1982,eendon7e@mail.ru,+48 648 246 1392
268,Guthrey,Innocenti,0,17,1984,ginnocenti7f@squidoo.com,+81 219 882 7300
269,Jerrome,Highton,15,30,1992,jhighton7g@tmall.com,+1 593 394 3718
270,Bonnibelle,Fridaye,5,6,1969,bfridaye7h@noaa.gov,
271,Starlin,Ivie,6,26,1993,sivie7i@fastcompany.com,+62 523 687 5430
272,Jeanette,Greer,11,17,1977,jgreer7j@elegantthemes.com,+86 890 156 7836
273,Dredi,Tinker,1,15,1997,dtinker7k@hud.gov,+34 758 463 6098
274,Job,D'Elia,15,16,1983,jdelia7l@businessweek.com,+51 451 487 2210
275,Fairlie,Josef,9,23,1972,fjosef7m@state.tx.us,+86 682 985 9009
276,Bonnie,Deighan,17,15,1969,bdeighan7n@google.ca,+967 241 234 6420
277,Kenneth,Kynforth,14,19,2002,kkynforth7o@ebay.com,+375 792 657 6396
278,Stanly,McKerron,12,4,1982,smckerron7p@netlog.com,+86 431 881 6614
279,Nerty,Cartmail,3,14,1981,ncartmail7q@jugem.jp,+591 886 458 4660
280,Lombard,Munning,15,14,2002,lmunning7r@newyorker.com,+48 311 621 0484
281,Micky,Janda,0,9,1982,mjanda7s@t-online.de,+86 948 186 3489
282,Janeczka,Ahearne,12,25,1997,jahearne7t@scribd.com,+63 470 906 2097
283,Creight,Roeby,10,16,1974,croeby7u@networkadvertising.org,+62 217 196 8524
284,Ardra,Drinkhall,4,7,1976,adrinkhall7v@businessweek.com,+81 908 337 1054
285,Beauregard,Ick,1,8,1987,bick7w@hubpages.com,+351 751 443 5155
286,Frans,Oldroyde,9,9,2000,foldroyde7x@360.cn,+370 244 365 7824
287,Kellby,Wateridge,3,17,1986,kwateridge7y@stanford.edu,+86 458 326 7969
288,Karee,Dugald,2,3,2001,kdugald7z@youtube.com,+60 689 811 7322
289,Merilyn,Fihelly,17,23,1976,mfihelly80@livejournal.com,+372 130 936 6877
290,Raynard,Thake,5,9,1979,rthake81@blogger.com,+595 554 838 2251
291,Ciro,Lanyon,7,29,1990,clanyon82@sciencedaily.com,+234 257 473 6687
292,Anselm,Trinder,0,29,1987,atrinder83@phpbb.com,+56 266 843 1802
293,Mariya,Bargh,16,21,1990,mbargh84@blogger.com,+420 871 224 5926
294,Yovonnda,Hartfleet,5,24,1995,yhartfleet85@digg.com,
295,Gerome,Sparwell,10,0,2000,gsparwell86@163.com,+58 335 680 8510
296,Hamil,Doppler,7,28,1997,hdoppler87@bloglines.com,+420 706 870 7928
297,Mercy,Devenport,12,32,1994,mdevenport88@bbc.co.uk,+63 889 957 6043
298,Vladamir,Magenny,0,23,1982,vmagenny89@mapquest.com,+1 959 169 2719
299,Arel,Cuddihy,15,20,1984,acuddihy8a@tinyurl.com,+62 554 938 4560
300,Deanne,Glencros,4,25,1970,dglencros8b@theguardian.com,+55 134 187 1111
301,Alejandro,Pennicott,7,19,1975,apennicott8c@businessinsider.com,+86 680 581 5838
302,Giacobo,Biaggiotti,7,28,1983,gbiaggiotti8d@ning.com,+7 607 692 2443
303,Rahal,Sausman,17,24,1997,rsausman8e@wikia.com,+353 642 178 0742
304,Merrili,Wickersham,6,2,1989,mwickersham8f@arstechnica.com,+1 358 381 7321
305,Geordie,Derham,11,32,1997,gderham8g@yellowbook.com,+63 143 720 3297
306,Chloette,McLinden,4,30,1972,cmclinden8h@plala.or.jp,+86 138 344 3439
307,Merrilee,Fashion,13,5,1989,mfashion8i@nature.com,+62 472 167 0964
308,Marcellus,Zaniolo,15,27,1986,mzaniolo8j@army.mil,+86 511 365 4864
309,Brnaby,Crumpe,4,26,1980,bcrumpe8k@dyndns.org,+55 601 178 7292
310,Paulo,Yearsley,2,30,1976,pyearsley8l@cafepress.com,+505 771 644 7944
311,Lavena,Reskelly,11,9,1980,lreskelly8m@vimeo.com,
312,Ava,Furzer,10,24,1997,afurzer8n@bing.com,+92 676 801 3024
313,Farrah,Grishanov,12,7,1987,fgrishanov8o@amazon.co.uk,+55 203 379 8637
314,Curran,Camell,0,3,1992,ccamell8p@infoseek.co.jp,+66 539 878 6079
315,Jannelle,Ellif,13,12,1981,jellif8q@japanpost.jp,+57 552 829 6014
316,Elicia,Favela,8,28,1998,efavela8r@weebly.com,+351 973 531 0607
317,Vivyan,Pinnere,12,6,1992,vpinnere8s@desdev.cn,+46 347 401 2837
318,Damara,Whitehouse,8,22,1991,dwhitehouse8t@usa.gov,+48 168 490 2595
319,Jenelle,Giacubbo,4,23,1993,jgiacubbo8u@taobao.com,+62 637 745 9494
320,Gene,Gorrissen,14,11,1977,ggorrissen8v@upenn.edu,+86 203 427 7927
321,Ronnie,Gilder,10,3,2001,rgilder8w@bing.com,+351 380 905 8683
322,Clerissa,Sidebotton,0,22,1995,csidebotton8x@addtoany.com,+86 409 583 4236
323,Ariel,Phillcox,12,10,2000,aphillcox8y@freewebs.com,+86 907 503 7397
324,Jobi,Campione,0,2,1975,jcampione8z@free.fr,+33 838 839 9634
325,Darnall,Karpushkin,7,16,1993,dkarpushkin90@parallels.com,+234 370 602 8315
326,Gertie,Marciskewski,2,28,1980,gmarciskewski91@oracle.com,+93 295 196 2659
327,Adelaida,Perryn,7,10,2001,aperryn92@jalbum.net,+86 426 341 7561
328,Minette,Spendley,16,31,1986,mspendley93@mozilla.org,+48 473 811 3070
329,Evanne,Eymor,0,9,1971,eeymor94@toplist.cz,+53 310 983 8164
330,Mariel,Philips,9,29,1971,mphilips95@xing.com,+62 343 340 2728
331,Corissa,Giorgio,11,15,1996,cgiorgio96@blogs.com,+381 126 180 4523
332,Tomasina,Eusden,4,28,1974,teusden97@flickr.com,+51 422 875 4975
333,Dalli,Bursnell,16,29,1995,dbursnell98@ibm.com,+51 389 861 6657
334,Mariejeanne,Sherburn,11,19,1972,msherburn99@lulu.com,+7 425 222 5187
335,Clementine,Brandt,9,0,1980,cbrandt9a@xinhuanet.com,+62 728 206 5467
336,Shena,Casely,6,21,2000,scasely9b@discovery.com,+86 391 176 2848
337,Addie,Lucchi,9,8,1970,alucchi9c@howstuffworks.com,+63 701 476 3289
338,Modestia,McLugaish,14,32,1988,mmclugaish9d@pagesperso-orange.fr,+46 376 302 7064
339,Kaitlynn,Lomb,9,14,2002,klomb9e@deliciousdays.com,+51 740 526 3213
340,Patin,Aloshechkin,0,26,1976,paloshechkin9f@woothemes.com,+30 591 684 3555
341,Noll,Clarridge,4,9,1982,nclarridge9g@cocolog-nifty.com,+33 581 354 7648
342,Ward,Candlin,14,25,1979,wcandlin9h@icq.com,+86 538 101 9283
343,Dilly,Mugg,8,32,1997,dmugg9i@msn.com,+86 857 465 5785
344,Jessy,Munnion,14,22,1974,jmunnion9j@slashdot.org,+52 600 266 1782
345,Evonne,Pounsett,3,11,1988,epounsett9k@japanpost.jp,+62 702 325 9251
346,Niall,Langrish,9,25,1987,nlangrish9l@bravesites.com,+51 386 731 6887
347,Ludovika,Spinke,5,32,1971,lspinke9m@geocities.com,+36 364 214 8756
348,Frankie,Dearden,1,16,1998,fdearden9n@va.gov,+86 542 355 1936
349,Loree,Banbury,14,13,1994,lbanbury9o@blogspot.com,+420 421 742 2514
350,Benny,Chasmoor,0,6,2002,bchasmoor9p@1688.com,+1 404 668 1391
351,Bernadine,Bryson,1,17,1992,bbryson9q@yahoo.co.jp,+86 518 592 1905
352,Tommy,Featherstone,3,24,1999,tfeatherstone9r@mayoclinic.com,+86 726 852 0464
353,Glynn,Dukelow,8,29,1985,gdukelow9s@toplist.cz,+92 419 912 4434
354,Marcellus,Willden,6,18,1994,mwillden9t@angelfire.com,+81 875 289 5347
355,Finley,Erbain,3,23,1989,ferbain9u@technorati.com,+63 373 583 1151
356,Duane,Tranckle,5,14,1985,dtranckle9v@surveymonkey.com,+51 899 174 3008
357,Nickolas,Willingale,1,5,2001,nwillingale9w@umn.edu,+224 486 313 7629
358,Berta,Tanswell,0,32,1998,btanswell9x@indiegogo.com,+86 163 699 3375
359,Arleyne,Welbeck,15,0,1971,awelbeck9y@phoca.cz,+242 408 607 8504
360,Sylas,Stainland,6,9,1985,sstainland9z@chron.com,+30 242 538 8791
361,Mirabella,McCreagh,13,22,1992,mmccreagha0@tuttocitta.it,+86 604 773 6800
362,Gracie,Robjents,12,12,1985,grobjentsa1@zdnet.com,+86 873 989 9079
363,Gib,Hawkin,6,14,1988,ghawkina2@nationalgeographic.com,+359 146 429 3291
364,Bertina,Gisborne,10,2,1982,bgisbornea3@opensource.org,+55 603 623 4531
365,Mar,Cruce,14,27,1984,mcrucea4@meetup.com,+20 324 991 9814
366,Joana,Sturm,17,28,1999,jsturma5@usatoday.com,+27 636 256 5907
367,Arel,Andrieu,2,11,1990,aandrieua6@pinterest.com,+51 504 356 0180
368,Janina,Ducker,16,30,1970,jduckera7@1688.com,+64 102 511 4307
369,Gertie,Hubane,8,27,1974,ghubanea8@gnu.org,+962 614 642 9695
370,Mada,Haccleton,3,13,1974,mhaccletona9@wikia.com,+86 238 196 8011
371,Jolene,Elvy,15,16,1993,jelvyaa@accuweather.com,+261 575 664 2716
372,Becca,Marrison,13,4,1973,bmarrisonab@weather.com,+86 865 910 6138
373,Rollins,Timmis,0,3,1974,rtimmisac@hhs.gov,+53 595 773 6897
374,Tim,Muddicliffe,7,8,1991,tmuddicliffead@google.com.hk,+351 233 285 5855
375,Howie,Abden,0,2,1979,habdenae@mozilla.org,+62 350 293 0477
376,Marrilee,Janodet,8,26,1975,mjanodetaf@sfgate.com,+967 201 775 5125
377,Bessy,Shewon,0,29,1990,bshewonag@sakura.ne.jp,+420 753 285 7238
378,Martie,Bellam,5,23,1989,mbellamah@dailymail.co.uk,+55 428 608 5812
379,Hedvig,Achrameev,0,4,1999,hachrameevai@joomla.org,+1 203 699 7737
380,Charline,Greenman,13,14,2002,cgreenmanaj@salon.com,+84 293 988 6562
381,Loretta,Gobel,10,30,1990,lgobelak@addthis.com,+81 726 417 1913
382,Meriel,Rumble,13,11,1993,mrumbleal@twitpic.com,+380 392 107 1440
383,Barnett,Durrad,2,11,1993,bdurradam@noaa.gov,+971 987 524 8008
384,Pammi,Dwerryhouse,6,8,1978,pdwerryhousean@ning.com,+52 606 920 3923
385,Lulu,Tregunna,8,14,1974,ltregunnaao@biblegateway.com,+46 122 334 2168
386,Cristina,Cullotey,2,9,1999,cculloteyap@exblog.jp,+52 135 301 5723
387,Lucila,McBrearty,5,12,1996,lmcbreartyaq@blogger.com,
388,Morey,Elecum,16,19,2000,melecumar@skype.com,+86 610 386 4202
389,Ambrosio,Swansbury,8,28,1969,aswansburyas@ca.gov,+86 408 653 1989
390,Herculie,Vaudrey,16,28,1997,hvaudreyat@ustream.tv,+7 559 505 4537
391,Eudora,Caville,8,12,1986,ecavilleau@sourceforge.net,+62 644 382 6981
392,Jonathon,Elland,11,29,1976,jellandav@cocolog-nifty.com,+7 181 251 8802
393,Nicol,Minett,17,28,2002,nminettaw@senate.gov,+39 967 897 7985
394,Eleonore,Nary,10,16,1994,enaryax@com.com,+62 837 488 4617
395,Brena,Ronnay,15,29,1973,bronnayay@eventbrite.com,+1 605 438 8879
396,Melosa,MacCambridge,3,16,1970,mmaccambridgeaz@miitbeian.gov.cn,+1 850 249 3871
397,Lishe,Jaggard,13,12,1991,ljaggardb0@bing.com,+62 250 214 7711
398,Keefer,Haggleton,15,31,1980,khaggletonb1@github.com,+86 796 905 3007
399,Audra,Muslim,15,13,1977,amuslimb2@theguardian.com,+385 690 173 6606
400,Ethel,Borres,5,7,1974,eborresb3@eepurl.com,+48 468 519 2769
401,Ardyce,Gawen,9,26,1977,agawenb4@amazon.co.uk,+1 371 545 0014
402,Farrand,Hoggetts,2,2,1986,fhoggettsb5@google.fr,+964 446 784 4950
403,Corina,Walkowski,14,15,1975,cwalkowskib6@liveinternet.ru,
404,Lib,Garlinge,11,12,2002,lgarlingeb7@globo.com,+86 526 898 8708
405,Aubrey,Grovier,8,25,1971,agrovierb8@imageshack.us,+62 693 726 7853
406,Courtnay,Beake,17,12,1974,cbeakeb9@mysql.com,+51 182 731 9768
407,Keely,Michel,15,29,1972,kmichelba@nba.com,+1 310 148 1875
408,Denny,Jeeks,3,26,1976,djeeksbb@tripadvisor.com,+94 746 246 5760
409,Junina,Fierro,13,26,1993,jfierrobc@slideshare.net,
410,Randie,Regenhardt,2,29,2000,rregenhardtbd@prnewswire.com,+48 696 826 8888
411,Matti,Kenlin,6,12,1971,mkenlinbe@hc360.com,+62 964 682 0306
412,Ezmeralda,Winskill,10,9,1993,ewinskillbf@patch.com,+62 741 941 8623
413,Natalee,Ferminger,0,13,1971,nfermingerbg@whitehouse.gov,+994 672 309 1433
414,Myranda,Sidaway,7,8,1977,msidawaybh@si.edu,+505 796 510 7768
415,Geno,Middlebrook,5,13,1999,gmiddlebrookbi@tinypic.com,+81 657 703 5215
416,Nathanael,Hovington,4,1,1981,nhovingtonbj@is.gd,+351 503 982 7892
417,Stefanie,Rowth,8,29,2000,srowthbk@chicagotribune.com,
418,Loren,Beamiss,4,4,1984,lbeamissbl@opensource.org,+86 311 832 6467
419,Tallia,Pride,2,20,1991,tpridebm@live.com,+52 507 786 3117
420,Field,O'Sharry,8,10,1995,fosharrybn@indiatimes.com,+86 131 894 4922
421,Yevette,Werner,4,28,1983,ywernerbo@squidoo.com,+86 797 917 3351
422,Conrad,Stormes,12,16,1981,cstormesbp@marriott.com,+55 544 710 0076
423,Gottfried,Whiffin,8,6,1986,gwhiffinbq@microsoft.com,+48 887 181 6469
424,Adrienne,Jarrell,17,24,1989,ajarrellbr@netlog.com,+51 838 580 7444
425,Geri,Emmanuele,6,18,1991,gemmanuelebs@i2i.jp,+86 173 476 9847
426,Ursola,Dran,8,17,1980,udranbt@stumbleupon.com,+52 143 968 9671
427,Carleen,Pourvoieur,4,27,1972,cpourvoieurbu@indiatimes.com,+86 988 623 5278
428,Madlin,Disbury,17,30,1989,mdisburybv@imdb.com,+55 733 983 9336
429,Franky,Ashbolt,7,29,1980,fashboltbw@reuters.com,+351 595 144 1277
430,Olvan,Willcox,14,9,1997,owillcoxbx@alexa.com,+7 269 918 9087
431,Eugen,Archibald,16,27,1977,earchibaldby@surveymonkey.com,+86 658 129 9286
432,Mychal,Castella,8,21,1984,mcastellabz@yellowbook.com,+7 880 943 0695
433,Carine,Ferreri,15,25,1990,cferreric0@vimeo.com,+46 930 363 0011
434,Walsh,Cardello,14,30,1999,wcardelloc1@blogger.com,+7 538 580 8425
435,Hadlee,Beranek,10,6,1976,hberanekc2@soundcloud.com,+55 273 668 8289
436,Kane,Aitchinson,1,32,1984,kaitchinsonc3@ovh.net,+62 329 971 5365
437,Jesse,McMickan,9,26,1996,jmcmickanc4@sbwire.com,+962 979 521 1126
438,Aleksandr,Kimmons,1,3,1970,akimmonsc5@springer.com,+381 930 894 1447
439,Andre,Thoday,6,29,1993,athodayc6@netlog.com,+30 887 239 9105
440,Rock,Bracer,12,23,1981,rbracerc7@about.me,+33 561 413 2455
441,Isa,Axford,13,27,1979,iaxfordc8@reverbnation.com,+86 426 656 0714
442,Ame,Fraschini,6,9,2002,afraschinic9@usgs.gov,+55 303 931 8783
443,Arny,Matchett,0,31,1985,amatchettca@wired.com,+592 977 287 1679
444,Odele,Clampett,9,3,1990,oclampettcb@theguardian.com,+86 293 561 4529
445,Dorrie,Dunkerley,5,2,1976,ddunkerleycc@vistaprint.com,+380 326 646 5782
446,Desmond,Griffe,16,14,1996,dgriffecd@ucla.edu,+374 242 143 8301
447,Lynelle,Janacek,9,7,1983,ljanacekce@linkedin.com,+66 368 510 8183
448,Sam,Python,4,7,1983,spythoncf@independent.co.uk,+48 298 568 4087
449,Dimitri,O'Keenan,12,27,1985,dokeenancg@fda.gov,+7 978 945 7614
450,Dyanne,Simak,10,0,1985,dsimakch@naver.com,+48 143 248 4442
451,Nickolai,Sparrow,2,22,1996,nsparrowci@google.es,+62 544 453 5888
452,Arv,Phillpotts,12,4,1993,aphillpottscj@cmu.edu,+27 124 626 9331
453,Di,Meuse,9,10,1978,dmeuseck@soundcloud.com,+86 527 981 1282
454,Rowe,Mewton,2,6,1985,rmewtoncl@soundcloud.com,+66 712 374 7232
455,Nelie,De Lisle,13,27,1988,ndelislecm@about.me,+55 862 210 0109
456,Barris,Klimontovich,3,26,1994,bklimontovichcn@smugmug.com,+380 190 142 0306
457,Elsinore,Rivett,13,24,1994,erivettco@cocolog-nifty.com,+1 445 882 2449
458,Silvano,Casoni,5,13,1977,scasonicp@vistaprint.com,+223 668 645 1265
459,Erena,Muff,7,15,1983,emuffcq@1688.com,+62 768 685 1490
460,Cele,Seligson,13,5,2000,cseligsoncr@globo.com,+86 142 419 2715
461,Latrena,Romayn,9,21,1995,lromayncs@simplemachines.org,+372 974 702 6120
462,Lezlie,Abelson,9,27,1972,labelsonct@auda.org.au,+1 372 278 1836
463,Kassie,McDermid,6,9,1987,kmcdermidcu@biglobe.ne.jp,+57 157 985 7372
464,Delly,Evamy,0,22,1994,devamycv@blog.com,+63 735 188 9872
465,Onida,Steptoe,14,15,1972,osteptoecw@cpanel.net,+62 132 629 6895
466,Luciana,Arrell,9,1,1986,larrellcx@taobao.com,+509 273 643 0351
467,Salomo,Mulleary,17,3,1999,smullearycy@twitpic.com,+57 122 198 4524
468,Minetta,Leadbitter,5,25,1992,mleadbittercz@businessinsider.com,+7 686 365 8002
469,Laurianne,Dishman,10,7,2002,ldishmand0@quantcast.com,+1 515 966 2254
470,Ric,Liddle,8,16,2001,rliddled1@sbwire.com,+1 214 798 5337
471,Vite,Gian,13,7,1971,vgiand2@prnewswire.com,+86 454 746 8303
472,Muffin,Bold,12,10,1985,mboldd3@discovery.com,
473,Cristy,Hindmoor,14,19,1971,chindmoord4@exblog.jp,+86 918 370 2483
474,Lilah,Jeyes,15,27,1993,ljeyesd5@constantcontact.com,+62 910 826 2553
475,Jeddy,Savary,10,6,1993,jsavaryd6@netvibes.com,+86 707 864 7946
476,Reade,Tebbut,2,11,1971,rtebbutd7@si.edu,+51 839 709 7671
477,Delphine,Levane,5,19,1989,dlevaned8@unicef.org,+86 215 279 5953
478,Charlean,Story,16,0,1972,cstoryd9@ustream.tv,+221 337 160 0213
479,Reba,Witherby,6,19,1969,rwitherbyda@imdb.com,+502 891 445 4239
480,Alleen,Nissle,9,25,2002,anissledb@nationalgeographic.com,+1 432 197 4329
481,Sanford,McGee,15,31,1976,smcgeedc@hao123.com,+234 110 746 5970
482,Ahmad,Duthy,11,25,1982,aduthydd@senate.gov,+7 846 300 7579
483,Dody,Sprosson,14,22,1981,dsprossonde@aol.com,+86 135 110 7262
484,Hulda,Wigmore,1,12,1977,hwigmoredf@ustream.tv,+7 582 753 2167
485,Carlye,Brandes,10,24,1970,cbrandesdg@harvard.edu,+252 719 762 5086
486,Carolina,Gittens,7,28,2001,cgittensdh@nhs.uk,+7 398 195 2807
487,Jewelle,Eymer,10,28,1997,jeymerdi@miibeian.gov.cn,+48 666 139 0119
488,Adi,Stranahan,13,8,1985,astranahandj@sciencedirect.com,+62 773 136 1866
489,Merrielle,Marten,7,9,1979,mmartendk@harvard.edu,+55 539 303 4299
490,Aundrea,Grono,14,2,1990,agronodl@plala.or.jp,+62 682 996 1350
491,Kyla,Dowsett,4,15,2000,kdowsettdm@de.vu,+971 293 413 6554
492,Catharina,Tremayle,2,2,1973,ctremayledn@pbs.org,+48 152 302 9937
493,Kort,Fadian,7,14,1986,kfadiando@gov.uk,+33 190 376 6706
494,Zackariah,Stephenson,15,3,1985,zstephensondp@ed.gov,+62 162 805 3838
495,Dell,Wixey,8,12,1983,dwixeydq@drupal.org,+7 699 809 7872
496,Alisha,Treuge,0,26,1970,atreugedr@tumblr.com,+55 253 715 5223
497,Lorna,Hobbert,8,22,1998,lhobbertds@ocn.ne.jp,
498,Phillipe,Crossthwaite,7,30,1984,pcrossthwaitedt@nba.com,
499,Ronald,Kopje,17,17,1982,rkopjedu@businesswire.com,+62 640 766 2880
500,Elvera,Geeves,3,18,1981,egeevesdv@so-net.ne.jp,+46 828 157 0894
501,Chanda,Crouse,11,15,1977,ccrousedw@mayoclinic.com,+976 702 790 8988
502,Carney,Esposi,15,25,1973,cesposidx@nih.gov,+86 732 432 3451
503,Aurora,Ingamells,16,22,1997,aingamellsdy@mapy.cz,+86 950 331 4245
504,Wilona,Vigus,10,32,1978,wvigusdz@wikimedia.org,+86 203 992 0738
505,Bonnibelle,Alvy,4,1,2001,balvye0@reddit.com,+86 721 197 1863
506,Queenie,Collaton,17,3,1988,qcollatone1@bandcamp.com,+351 139 692 7450
507,Antonia,Lowin,3,27,1980,alowine2@altervista.org,+353 321 115 0498
508,Barrett,Lightbourne,14,13,1985,blightbournee3@joomla.org,+7 259 245 2282
509,Jacobo,Domonkos,9,10,1988,jdomonkose4@tinyurl.com,+62 976 465 3159
510,Jaynell,Jirzik,9,0,1971,jjirzike5@github.com,+30 621 287 4263
511,Gregorius,Ives,1,31,1993,givese6@shareasale.com,+33 496 878 3216
512,Christian,Manueau,0,32,1973,cmanueaue7@rambler.ru,+48 529 433 8647
513,Jenine,Tizzard,15,27,2001,jtizzarde8@nps.gov,+62 977 781 7482
514,Octavius,Tunnock,12,17,1998,otunnocke9@github.io,+7 270 906 6312
515,Linus,McReedy,8,30,1995,lmcreedyea@aol.com,+62 549 223 0305
516,Amara,Tumbridge,2,10,2002,atumbridgeeb@youtu.be,+86 640 741 7435
517,Jedidiah,Heephy,6,27,1983,jheephyec@woothemes.com,
518,Osbourne,Grist,15,10,1971,ogristed@theglobeandmail.com,+216 137 615 9161
519,Georges,Masham,2,32,1984,gmashamee@addtoany.com,+62 835 907 7070
520,Lucille,Schoroder,5,6,1998,lschoroderef@aboutads.info,+48 386 493 4693
521,Price,Medcalfe,3,4,2001,pmedcalfeeg@chron.com,+63 770 808 5246
522,Tedd,Shippey,10,31,1997,tshippeyeh@sciencedirect.com,+353 832 994 3839
523,Sutherland,Truelock,16,32,1984,struelockei@nasa.gov,+1 183 790 7443
524,Miltie,Annetts,15,8,1990,mannettsej@time.com,+86 315 298 5362
525,Alexandro,Flaws,17,31,1981,aflawsek@simplemachines.org,+86 381 293 5397
526,Kylila,Eich,1,27,1998,keichel@sohu.com,+66 832 855 7302
527,Horst,Saladino,7,21,1996,hsaladinoem@accuweather.com,+46 277 343 7059
528,Hank,Prestage,5,5,2001,hprestageen@tripod.com,+1 202 446 9476
529,Bart,Smythe,12,15,1978,bsmytheeo@google.com.br,+27 806 850 5209
530,Tedie,Destouche,5,6,1997,tdestoucheep@google.com,+86 404 333 7951
531,Abagail,Crofthwaite,12,26,1982,acrofthwaiteeq@bravesites.com,
532,Ferne,Tewelson,13,32,1976,ftewelsoner@themeforest.net,+62 470 855 2234
533,Glory,Holliar,1,1,1970,gholliares@springer.com,+33 608 308 8349
534,Abagael,Gontier,1,17,1978,agontieret@webnode.com,+48 674 209 7575
535,Suzi,Vedenisov,2,12,2001,svedenisoveu@mayoclinic.com,+81 886 627 2406
536,Thomas,Mowsdill,17,24,1980,tmowsdillev@salon.com,+7 505 634 6478
537,Van,Sumpter,16,31,1969,vsumpterew@tinypic.com,+53 710 802 6651
538,Skippie,Goodspeed,14,1,1972,sgoodspeedex@quantcast.com,+86 832 288 2517
539,Bobine,Eckley,6,32,1995,beckleyey@dyndns.org,+232 544 202 7206
540,Sunshine,Domleo,11,24,1986,sdomleoez@theguardian.com,
541,Albie,McMichan,16,8,1995,amcmichanf0@blogtalkradio.com,+63 356 295 4261
542,Chaunce,Blackledge,17,23,1996,cblackledgef1@addthis.com,+86 849 873 1609
543,August,Kuhnhardt,9,23,1987,akuhnhardtf2@pbs.org,+351 223 377 5455
544,Austen,Alfonsini,10,13,1993,aalfonsinif3@arizona.edu,+86 628 272 3011
545,Kelsy,Stittle,14,30,1993,kstittlef4@oracle.com,+358 387 712 6836
546,Kacey,Waycot,13,28,1985,kwaycotf5@pinterest.com,+86 598 860 4112
547,Casper,Kattenhorn,13,16,1976,ckattenhornf6@weibo.com,+381 210 643 4680
548,Saul,McInerney,13,24,1978,smcinerneyf7@feedburner.com,+86 503 344 5566
549,Flo,Ricardet,4,9,1987,fricardetf8@dmoz.org,+504 100 831 9207
550,Davy,Korous,12,29,2000,dkorousf9@amazon.co.uk,+62 736 301 9637
551,Ginger,Hurren,11,21,1992,ghurrenfa@macromedia.com,+7 457 688 9285
552,Jeni,Castaignet,7,9,1976,jcastaignetfb@youtube.com,+507 937 804 4888
553,Lorne,Breacher,9,30,1989,lbreacherfc@google.ca,+86 336 364 0462
554,Karisa,Eynaud,4,7,1987,keynaudfd@noaa.gov,+81 503 687 9693
555,Rozina,Swane,9,10,1981,rswanefe@weather.com,+63 991 457 3337
556,Rosella,Doswell,0,16,1986,rdoswellff@bigcartel.com,
557,Megen,Allward,0,22,1997,mallwardfg@bizjournals.com,+86 278 972 9004
558,Dyanne,Amaya,1,7,1983,damayafh@wired.com,+692 560 991 1242
559,Dore,Renvoys,15,7,1995,drenvoysfi@com.com,+86 224 161 7241
560,Alexi,Haburne,0,10,1973,ahaburnefj@mozilla.org,+98 710 724 9442
561,Tamarah,Huggett,1,1,1981,thuggettfk@wisc.edu,+7 759 103 6317
562,Aristotle,Noury,13,3,1988,anouryfl@posterous.com,+7 119 356 2620
563,Rudie,Clawsley,15,4,1986,rclawsleyfm@disqus.com,+52 382 367 4111
564,Tamma,Haslegrave,13,4,1977,thaslegravefn@ihg.com,+55 245 784 0113
565,Gretna,Jenkerson,0,4,1992,gjenkersonfo@dot.gov,+372 817 855 0747
566,Phoebe,Fray,0,11,1995,pfrayfp@mail.ru,+62 347 732 7599
567,Shem,Matteini,13,3,1974,smatteinifq@auda.org.au,+86 122 662 3994
568,Lynelle,McKea,5,4,1969,lmckeafr@pbs.org,+1 361 554 1008
569,Lorilyn,Rump,16,22,1988,lrumpfs@theglobeandmail.com,
570,Kathye,Verbeek,15,20,2000,kverbeekft@cdbaby.com,+216 223 326 4788
571,Kaine,Valenta,4,27,1987,kvalentafu@archive.org,+62 254 364 2739
572,Muriel,Mauser,14,19,1990,mmauserfv@webs.com,+62 355 487 7761
573,Boot,Innocenti,17,6,1999,binnocentifw@nhs.uk,+54 736 424 5580
574,Salvador,Hinrich,2,24,1974,shinrichfx@yelp.com,+86 136 259 3830
575,Holt,McAleese,17,31,2001,hmcaleesefy@slashdot.org,+86 943 554 2921
576,Sergent,Dunsire,1,2,1981,sdunsirefz@arstechnica.com,+86 685 558 4193
577,Jenelle,Headly,14,18,1988,jheadlyg0@gravatar.com,+86 318 328 3135
578,Penny,Kubec,7,31,1972,pkubecg1@msu.edu,+86 537 386 3264
579,Marlowe,Gleader,8,3,1989,mgleaderg2@cdbaby.com,+370 855 876 8908
580,Beverly,Trownson,7,12,1988,btrownsong3@chron.com,+86 364 764 2476
581,Bendite,Coppen,5,6,1971,bcoppeng4@hhs.gov,+359 923 936 2844
582,Curr,Hurich,17,31,1997,churichg5@bloglines.com,+381 177 122 6076
583,Flori,Bannerman,5,3,1989,fbannermang6@privacy.gov.au,+86 790 103 2124
584,Tonie,Faas,4,6,1985,tfaasg7@icq.com,+688 945 579 7510
585,Modesty,Blazevic,0,21,1979,mblazevicg8@cdbaby.com,+998 338 696 2647
586,Florette,Fassmann,0,3,1978,ffassmanng9@mashable.com,+57 828 145 1470
587,Allissa,Crowcombe,2,3,1981,acrowcombega@elegantthemes.com,+389 654 725 8696
588,Taber,Fairnington,13,24,1995,tfairningtongb@blog.com,+90 208 144 7039
589,Sid,Truse,10,13,2002,strusegc@amazonaws.com,+383 434 758 4058
590,Angeli,Gomm,6,20,1970,agommgd@apache.org,+351 724 357 7486
591,Jerrine,Lawman,12,16,1982,jlawmange@skype.com,+86 913 921 2356
592,Murdoch,Whatham,14,26,2002,mwhathamgf@ft.com,+81 859 910 4491
593,Dolly,MacCarlich,14,25,1999,dmaccarlichgg@shareasale.com,+86 820 561 3145
594,Jose,Flynn,2,3,1981,jflynngh@privacy.gov.au,+381 825 567 2632
595,Tiffy,Dowdam,12,17,1978,tdowdamgi@yandex.ru,+66 725 651 9216
596,Elana,Dossett,9,29,1997,edossettgj@constantcontact.com,+1 494 911 4184
597,Bear,Hastie,9,32,1969,bhastiegk@technorati.com,+351 818 274 8707
598,Lane,Ceci,10,31,1976,lcecigl@twitter.com,+86 146 389 2791
599,Jaime,Filtness,17,17,1982,jfiltnessgm@cmu.edu,+1 203 612 3507
600,Giacobo,Sweeny,16,28,1982,gsweenygn@symantec.com,+62 799 924 0242
601,Juliet,Dupoy,16,28,1970,jdupoygo@forbes.com,+51 128 130 3662
602,Gerick,Dutson,16,12,1974,gdutsongp@mac.com,+33 585 387 5816
603,Aluino,Altimas,7,11,2002,aaltimasgq@apache.org,+351 272 940 9966
604,Keven,Cullip,0,26,1997,kcullipgr@nih.gov,+598 562 203 4588
605,Merrilee,Beven,12,16,1983,mbevengs@dell.com,+86 181 543 8017
606,Kristine,Goodrum,11,32,1976,kgoodrumgt@free.fr,+51 606 959 5540
607,Toinette,Oag,3,20,1982,toaggu@cmu.edu,+7 942 756 4481
608,Raquel,Bilbrey,6,4,1991,rbilbreygv@yelp.com,+503 574 779 0265
609,Lief,Bouller,7,3,1997,lboullergw@exblog.jp,+98 233 991 6322
610,Edita,Whardley,8,22,1991,ewhardleygx@accuweather.com,
611,Nealson,Trencher,13,9,1984,ntrenchergy@cnn.com,+380 430 920 9768
612,Clywd,Denerley,11,17,1978,cdenerleygz@techcrunch.com,+27 748 109 7802
613,Shepperd,Whale,16,8,1979,swhaleh0@ehow.com,+1 937 925 7904
614,Laurette,O'Giany,3,1,1972,logianyh1@theglobeandmail.com,+234 355 892 9881
615,Arlan,Fruish,3,8,1996,afruishh2@123-reg.co.uk,+218 292 546 1116
616,Nixie,Murty,12,5,2000,nmurtyh3@ebay.com,+62 260 210 5522
617,Simone,Gallandre,6,0,1974,sgallandreh4@trellian.com,+965 174 364 9078
618,Sibel,Moakler,3,6,1985,smoaklerh5@blogs.com,+504 996 744 1943
619,See,Tremblot,2,20,1977,strembloth6@google.com.au,+57 160 545 7637
620,Cherey,Momery,14,27,1997,cmomeryh7@bigcartel.com,+86 564 362 2822
621,Adam,Yarker,2,11,1976,ayarkerh8@hhs.gov,+63 191 915 6470
622,Stella,Torritti,5,27,1979,storrittih9@senate.gov,+351 698 535 9542
623,Jody,Crangle,7,19,1972,jcrangleha@examiner.com,+86 583 357 4714
624,Elisha,Balsillie,16,16,1995,ebalsilliehb@wiley.com,+380 803 560 2579
625,Isac,Reuter,14,24,2002,ireuterhc@bbb.org,+351 781 950 1050
626,Franky,Verrillo,3,13,1991,fverrillohd@reference.com,+63 942 306 3445
627,Clarie,Kenrick,4,8,1990,ckenrickhe@yelp.com,+1 654 914 2905
628,Yance,Hocking,7,25,1995,yhockinghf@parallels.com,+55 984 611 9397
629,Marcellina,Blacksland,1,24,1976,mblackslandhg@statcounter.com,+62 795 254 9521
630,Meredeth,Grimmer,12,11,1996,mgrimmerhh@amazon.co.jp,+45 921 389 7763
631,Cornell,Batram,14,0,1994,cbatramhi@pen.io,+81 730 602 7001
632,Juline,Hallsworth,1,1,1984,jhallsworthhj@bizjournals.com,+976 480 888 1772
633,Luise,Grimsdyke,7,4,1980,lgrimsdykehk@topsy.com,+670 427 368 6604
634,Paige,Letrange,6,3,1998,pletrangehl@cyberchimps.com,+86 519 306 1298
635,Marice,Hucknall,12,21,1993,mhucknallhm@wufoo.com,+33 818 478 5275
636,Giorgi,Doles,17,0,1976,gdoleshn@cnn.com,+86 915 661 2943
637,Hobey,Trahear,1,2,1969,htrahearho@un.org,+62 438 721 0969
638,Katti,Burgin,7,3,1994,kburginhp@home.pl,+86 112 683 8607
639,Nico,Dri,4,19,1988,ndrihq@nifty.com,+254 278 783 8453
640,Marcelle,Knottley,16,3,1994,mknottleyhr@cyberchimps.com,+62 133 509 0054
641,Ilene,Rhodus,6,2,1982,irhodushs@wordpress.com,+216 301 537 9524
642,Norine,Priddy,12,13,1988,npriddyht@tripod.com,+1 125 452 1760
643,Izabel,Jonk,11,30,1993,ijonkhu@washingtonpost.com,+62 284 568 8634
644,Purcell,Cottisford,16,29,1991,pcottisfordhv@miitbeian.gov.cn,+86 649 886 5939
645,Neilla,Geldard,5,28,1977,ngeldardhw@thetimes.co.uk,+81 761 408 9449
646,Eba,Gadie,7,20,1974,egadiehx@live.com,+62 789 592 2346
647,Ermanno,Yushin,14,22,1972,eyushinhy@dion.ne.jp,+62 846 611 9433
648,Ray,Valadez,2,18,1972,rvaladezhz@bloomberg.com,+63 712 584 5782
649,Mariana,Pleuman,12,32,2000,mpleumani0@intel.com,+977 950 452 8299
650,Jeremias,Rayman,3,3,1976,jraymani1@cloudflare.com,
651,Humbert,Waterson,1,15,1996,hwatersoni2@woothemes.com,+51 127 915 6640
652,Luther,Switsur,11,7,1991,lswitsuri3@about.me,+7 151 845 9717
653,Chase,Durdle,9,22,1970,cdurdlei4@creativecommons.org,+62 986 415 5554
654,Kelvin,Dank,11,19,1993,kdanki5@naver.com,+86 393 266 2297
655,Clyve,MacMichael,16,27,1972,cmacmichaeli6@trellian.com,+62 194 141 3114
656,Jacklyn,Pinsent,1,8,1997,jpinsenti7@buzzfeed.com,+507 721 190 4720
657,Ana,Murford,15,28,1999,amurfordi8@canalblog.com,+62 451 276 1674
658,Sterne,Raulin,14,14,1974,sraulini9@addthis.com,+86 910 559 6508
659,Kean,Farnan,17,24,1971,kfarnania@dion.ne.jp,+86 235 968 3942
660,Gardy,Lucio,8,7,1997,glucioib@utexas.edu,+385 611 113 1621
661,Letizia,Zavattieri,7,8,1979,lzavattieriic@networksolutions.com,+86 927 519 2373
662,Roma,Hallad,16,5,1978,rhalladid@mozilla.com,+225 709 456 1563
663,Meghann,Menendez,11,13,1977,mmenendezie@vk.com,+1 502 596 4749
664,Towny,Gaythorpe,13,17,1975,tgaythorpeif@omniture.com,+1 478 857 9772
665,Addy,Blomefield,0,0,1991,ablomefieldig@dmoz.org,+7 123 179 9799
666,Nora,Vivyan,5,28,1988,nvivyanih@answers.com,+54 435 427 0263
667,Sauncho,McVicar,2,10,1996,smcvicarii@friendfeed.com,
668,Elfrieda,Dur,16,32,1997,edurij@goodreads.com,+48 305 836 2584
669,Fonzie,Redsall,14,12,2002,fredsallik@webeden.co.uk,+82 560 670 0896
670,Karisa,Beedle,12,16,1991,kbeedleil@pen.io,+84 653 367 7797
671,Granville,Abrashkin,14,26,2000,gabrashkinim@nbcnews.com,
672,Waldon,Moorwood,14,32,1973,wmoorwoodin@walmart.com,+380 996 131 5575
673,Paule,Batson,14,1,1976,pbatsonio@usa.gov,+48 992 223 8614
674,Margaret,Kerwen,12,4,1994,mkerwenip@reverbnation.com,+383 388 309 1807
675,Bucky,Bowlands,10,11,1977,bbowlandsiq@google.com.br,+976 748 893 5607
676,Murry,Couchman,13,18,1976,mcouchmanir@dedecms.com,+86 776 115 8462
677,Shannon,Perrone,8,19,1980,sperroneis@kickstarter.com,+81 295 948 2381
678,Ingaberg,Brun,16,6,1987,ibrunit@nps.gov,+86 224 450 6772
679,Nicolai,Georgot,17,29,1997,ngeorgotiu@theglobeandmail.com,+33 940 482 7534
680,Nolana,Eastwell,15,0,2001,neastwelliv@wufoo.com,+86 895 343 7039
681,Jamaal,Goad,13,26,1989,jgoadiw@cloudflare.com,+62 579 626 4519
682,Cristiano,Hugill,7,3,1979,chugillix@unc.edu,+86 742 624 3632
683,Cesar,Gibbett,17,0,1982,cgibbettiy@businessinsider.com,+351 157 147 6275
684,Grady,Jertz,3,25,1980,gjertziz@mlb.com,+48 582 649 5421
685,Savina,Tate,5,2,2000,statej0@google.com.hk,+51 405 535 4507
686,Karlyn,Kenrat,11,16,1972,kkenratj1@multiply.com,
687,Jonie,Hentzer,6,9,1979,jhentzerj2@discovery.com,+33 343 917 1925
688,Mickey,Joannet,1,13,2002,mjoannetj3@theguardian.com,+1 512 486 0951
689,Myrta,Mundell,1,9,1986,mmundellj4@timesonline.co.uk,+973 657 568 3503
690,Caren,Tinner,4,24,1969,ctinnerj5@spiegel.de,+62 323 770 4129
691,Martie,Quare,17,10,1977,mquarej6@google.nl,+237 924 569 3976
692,Brandon,Chastang,0,0,1979,bchastangj7@hubpages.com,+7 285 422 6350
693,Yuma,Allin,1,23,1989,yallinj8@hp.com,+33 210 279 4765
694,Cate,Dunmuir,14,3,2001,cdunmuirj9@chicagotribune.com,+420 427 949 5274
695,Reeta,Twort,16,16,1980,rtwortja@prlog.org,+86 866 296 8077
696,Angeli,Monsey,9,12,1988,amonseyjb@seesaa.net,+86 444 972 2252
697,Devi,Duchesne,15,21,1999,dduchesnejc@t.co,+255 481 612 2589
698,Klarrisa,Torrans,6,8,1996,ktorransjd@desdev.cn,+62 570 324 0727
699,Jim,Glass,16,4,1978,jglassje@mail.ru,+46 604 604 0353
700,Norris,Tichelaar,0,23,2002,ntichelaarjf@weebly.com,+86 660 164 0867
701,Isaiah,O'Currigan,6,15,2001,iocurriganjg@example.com,+86 306 835 3560
702,Jo-ann,Tuberfield,9,11,1981,jtuberfieldjh@tiny.cc,+33 760 654 3630
703,Ezra,Mettetal,11,3,1998,emettetalji@china.com.cn,+47 881 291 0849
704,Darrick,Epps,6,26,1996,deppsjj@vk.com,+55 824 509 3174
705,Willow,Kilbride,2,21,1993,wkilbridejk@google.pl,+30 874 547 4870
706,Thomas,Clousley,13,31,1976,tclousleyjl@blinklist.com,+86 637 921 1404
707,Verina,Gagin,14,27,1988,vgaginjm@google.com.hk,+7 224 849 3205
708,Derward,Girardengo,5,17,1986,dgirardengojn@bbb.org,+84 634 479 1127
709,Debera,Fretter,8,22,1991,dfretterjo@sciencedirect.com,+48 516 529 6192
710,Saul,Jurries,7,26,1986,sjurriesjp@marriott.com,
711,Aile,Pawden,12,17,1974,apawdenjq@squarespace.com,+62 912 667 3310
712,Gregorio,Enticknap,13,13,1977,genticknapjr@angelfire.com,+255 383 346 0112
713,Adelina,Cuffley,9,4,1990,acuffleyjs@prweb.com,+86 357 282 4716
714,Darby,Sabin,8,7,1984,dsabinjt@dagondesign.com,+972 633 971 6075
715,Marilin,Barwis,14,16,1993,mbarwisju@npr.org,+220 799 906 3081
716,Fedora,Strauss,5,0,1977,fstraussjv@oaic.gov.au,+86 847 861 3541
717,Janenna,Chezier,15,21,1979,jchezierjw@goo.gl,+62 258 872 3434
718,Stacie,McDougall,12,6,1979,smcdougalljx@symantec.com,+261 927 684 2769
719,Rad,Scroggins,16,20,1983,rscrogginsjy@deliciousdays.com,+86 809 645 2837
720,Brannon,Popland,5,6,2002,bpoplandjz@shutterfly.com,+86 552 803 4490
721,Rudolfo,Barney,17,3,1973,rbarneyk0@ucsd.edu,+55 418 552 2492
722,Gallard,Moan,3,16,1987,gmoank1@naver.com,+389 397 973 7604
723,Jard,Chappelow,15,2,1994,jchappelowk2@nyu.edu,+386 311 601 0781
724,Othilie,Munroe,11,11,1995,omunroek3@comcast.net,+62 813 655 5677
725,Rawley,Strutt,1,19,1982,rstruttk4@cyberchimps.com,+98 145 954 7837
726,Lisle,Kinghorne,1,11,1987,lkinghornek5@spotify.com,+976 770 545 4516
727,Astrid,Pinks,0,19,1994,apinksk6@engadget.com,+62 264 478 4831
728,Jocelyn,Duignan,10,25,1976,jduignank7@taobao.com,+86 282 432 4316
729,Melany,Jan,0,28,2001,mjank8@pcworld.com,+380 644 986 4227
730,Inessa,Christensen,13,7,1994,ichristensenk9@vinaora.com,+351 168 164 3017
731,Zandra,Basey,6,8,1998,zbaseyka@booking.com,+420 159 451 2086
732,Marty,Sprade,9,2,1977,mspradekb@ox.ac.uk,+86 697 934 5125
733,Devon,Jentzsch,1,31,1984,djentzschkc@com.com,+33 374 657 0125
734,Holly,McQuin,12,22,1974,hmcquinkd@ameblo.jp,+381 918 334 3486
735,Mathias,Coop,9,20,1997,mcoopke@amazon.co.uk,+81 526 868 8236
736,Renard,Abdee,10,21,1983,rabdeekf@4shared.com,+63 553 593 3590
737,Griswold,Hast,8,24,1984,ghastkg@altervista.org,+54 537 947 0708
738,Kesley,Lodemann,15,15,1974,klodemannkh@si.edu,+7 684 424 5484
739,Erskine,Drinnan,9,21,1991,edrinnanki@feedburner.com,+63 320 918 9508
740,Phyllys,Monteaux,11,26,1990,pmonteauxkj@home.pl,
741,Willdon,Benoix,15,6,1970,wbenoixkk@desdev.cn,
742,Kimble,Cosely,14,11,2002,kcoselykl@oracle.com,+33 204 349 6219
743,Olivero,O'Coskerry,6,5,1970,oocoskerrykm@github.io,+7 470 547 6907
744,Edythe,Bryce,5,10,1991,ebrycekn@mit.edu,+86 141 602 0402
745,Roslyn,Fellis,8,8,1975,rfellisko@cnbc.com,+36 840 731 6650
746,Raddy,Stormonth,11,6,1978,rstormonthkp@studiopress.com,+93 925 427 4477
747,Noami,Burdfield,6,9,2001,nburdfieldkq@geocities.com,+81 468 410 8817
748,Chaunce,Laverick,1,23,1986,claverickkr@mediafire.com,+86 335 368 2636
749,Kally,Horning,8,21,1994,khorningks@cbc.ca,
750,Kenneth,Secret,14,20,1970,ksecretkt@trellian.com,
751,Pablo,MacCaughen,4,32,1994,pmaccaughenku@japanpost.jp,+54 804 364 2278
752,Lavinia,Reyne,3,8,1969,lreynekv@vinaora.com,+86 990 910 8074
753,Derick,Hyndman,2,22,1990,dhyndmankw@kickstarter.com,
754,Gabriela,Grabeham,6,28,1985,ggrabehamkx@4shared.com,+7 871 280 4154
755,Claybourne,Kitchener,2,30,2000,ckitchenerky@youtube.com,+372 741 929 7315
756,Tad,Element,9,14,1985,telementkz@reuters.com,+63 244 639 3303
757,Rafaelia,Tuckie,8,23,1977,rtuckiel0@apache.org,+62 478 543 0745
758,Christy,Pavek,17,10,1971,cpavekl1@mozilla.com,+51 513 323 8720
759,Hamish,Badder,2,6,1998,hbadderl2@abc.net.au,+856 948 607 4736
760,Caron,Rodd,16,19,1999,croddl3@chicagotribune.com,+7 365 601 6136
761,Eveline,Meagh,11,20,1997,emeaghl4@miibeian.gov.cn,+62 795 446 7241
762,Stu,Fuzzey,11,3,1985,sfuzzeyl5@si.edu,+93 690 758 0479
763,Kirbee,Beeze,10,26,1970,kbeezel6@nature.com,+56 847 743 7864
764,Claudette,Robert,5,10,1990,crobertl7@va.gov,+7 783 860 3345
765,Jillayne,Ethington,12,3,1981,jethingtonl8@liveinternet.ru,+86 559 641 6669
766,Luis,Clipsham,8,5,1995,lclipshaml9@who.int,+265 596 565 9934
767,Babara,Dench,0,25,1993,bdenchla@plala.or.jp,+380 545 394 5697
768,Elfrieda,Franceschino,1,10,1974,efranceschinolb@hao123.com,+7 996 861 9482
769,Rea,Czajkowska,4,28,1977,rczajkowskalc@1und1.de,+33 224 696 7199
770,Adele,O'Coskerry,6,6,1990,aocoskerryld@geocities.com,+86 817 310 1660
771,Hermine,Keary,3,6,1991,hkearyle@indiatimes.com,+92 802 359 2190
772,Yvonne,Impy,11,32,1984,yimpylf@qq.com,+63 809 114 9666
773,Filia,Kuhnt,9,28,1983,fkuhntlg@hao123.com,+62 762 488 9988
774,Mellisent,Bissatt,0,14,1969,mbissattlh@house.gov,+359 915 426 0560
775,Robin,Griffey,7,3,2002,rgriffeyli@time.com,+970 610 407 5846
776,Garner,Patriche,12,24,1987,gpatrichelj@nymag.com,+86 688 168 5317
777,Randolf,Jedras,2,15,2002,rjedraslk@histats.com,+55 615 780 4795
778,Inez,Tabor,9,12,1986,itaborll@ca.gov,+46 664 616 6420
779,Vick,Connal,6,26,1979,vconnallm@is.gd,+62 753 193 8999
780,Standford,Hegge,17,29,1974,sheggeln@mysql.com,+1 112 892 7008
781,Bernadina,Duffet,13,23,1978,bduffetlo@exblog.jp,
782,Juliann,Durrad,8,26,1983,jdurradlp@state.gov,+54 201 273 4567
783,Trudie,Serchwell,0,11,1977,tserchwelllq@aboutads.info,+55 746 771 5365
784,Barton,Scud,5,31,1999,bscudlr@fotki.com,+7 483 462 7639
785,Marice,Cashley,14,3,1975,mcashleyls@ifeng.com,+62 242 396 6755
786,Lothaire,Eagles,4,20,1995,leagleslt@huffingtonpost.com,+62 440 373 8047
787,Jenica,Duell,6,26,1992,jduelllu@pbs.org,+33 377 899 0085
788,Alida,Truett,12,6,1991,atruettlv@cdbaby.com,+98 765 778 8431
789,Wenonah,Tempest,0,11,1992,wtempestlw@homestead.com,+46 959 591 3500
790,Jacquelynn,Montilla,10,6,1998,jmontillalx@sun.com,+81 519 509 1729
791,Clareta,Peasnone,11,13,1984,cpeasnonely@hhs.gov,+48 915 984 1883
792,Roselle,Haddrill,5,13,1980,rhaddrilllz@twitpic.com,+46 994 464 3747
793,Cally,Bryceson,11,10,1997,cbrycesonm0@ezinearticles.com,+98 658 209 4556
794,Reginald,Kubacki,17,17,1985,rkubackim1@sciencedirect.com,+58 629 155 5644
795,Adiana,Hartup,17,12,1993,ahartupm2@si.edu,
796,Birch,Beange,11,30,1971,bbeangem3@sphinn.com,+33 345 637 4408
797,Ranna,Saiens,7,6,1974,rsaiensm4@huffingtonpost.com,+7 848 792 5543
798,Vera,Winslade,11,13,1970,vwinsladem5@topsy.com,+55 853 662 1884
799,Irwinn,Buckbee,7,4,1996,ibuckbeem6@prweb.com,+235 876 514 8288
800,Morgan,Armitage,15,29,2000,marmitagem7@usnews.com,+63 750 976 9081
801,Amalee,Cardus,1,11,1974,acardusm8@techcrunch.com,+62 996 943 6405
802,Isabel,Ridgewell,10,28,1971,iridgewellm9@blogs.com,+7 266 809 2343
803,Fionna,Fonte,5,6,1984,ffontema@harvard.edu,+7 471 769 3700
804,Shermy,Playfair,4,23,1977,splayfairmb@comsenz.com,+234 702 670 6689
805,Merry,Cansdill,6,5,1996,mcansdillmc@cbslocal.com,+62 337 253 2494
806,Ardelis,Gallager,6,15,1971,agallagermd@hhs.gov,+62 850 347 0641
807,Pearce,Bramble,4,7,1971,pbrambleme@pinterest.com,+502 319 690 2152
808,Putnam,Simko,3,13,2002,psimkomf@quantcast.com,+33 490 381 9424
809,Darrell,Slorance,6,30,1978,dslorancemg@google.es,+420 305 281 3516
810,Quinlan,Mather,10,10,1986,qmathermh@hc360.com,+81 650 408 9127
811,Katleen,Jeavons,13,16,1976,kjeavonsmi@ucoz.com,+93 428 402 8874
812,Ben,Karoly,4,31,1987,bkarolymj@ning.com,
813,Codee,Brindle,0,16,1971,cbrindlemk@barnesandnoble.com,+1 306 867 5417
814,Engracia,Aries,15,1,1988,eariesml@kickstarter.com,+86 204 961 5423
815,Ebony,Logsdale,7,27,1989,elogsdalemm@about.me,+86 381 760 9585
816,Gisele,Stefi,4,28,1992,gstefimn@ehow.com,+57 217 877 8395
817,Nanice,Corrigan,17,2,1976,ncorriganmo@trellian.com,+7 928 922 8568
818,Shamus,Aharoni,10,8,1994,saharonimp@goodreads.com,+86 570 555 0601
819,Annabell,Sibbet,2,29,1995,asibbetmq@symantec.com,
820,Thomasa,Sarre,5,30,1979,tsarremr@arizona.edu,+1 461 854 7194
821,Perla,Boleyn,17,5,2002,pboleynms@abc.net.au,+387 551 956 6756
822,Tomlin,Balling,11,25,1993,tballingmt@answers.com,+86 362 594 3149
823,Celka,Jannasch,7,4,1993,cjannaschmu@g.co,
824,Samson,McCaighey,16,4,1988,smccaigheymv@harvard.edu,+86 923 580 2690
825,Farah,Skilbeck,1,26,1999,fskilbeckmw@desdev.cn,+48 478 770 9176
826,Averill,Blenkhorn,17,15,1974,ablenkhornmx@delicious.com,+81 566 195 5037
827,Hagan,Morkham,5,6,1971,hmorkhammy@jiathis.com,
828,Rey,Blincowe,17,12,1974,rblincowemz@foxnews.com,+7 128 643 0639
829,Meris,Sellen,4,11,1998,msellenn0@foxnews.com,+34 187 618 2617
830,Selene,Mackelworth,17,12,1992,smackelworthn1@archive.org,+52 848 824 8229
831,Livia,Varvell,16,5,1978,lvarvelln2@angelfire.com,+967 796 399 4988
832,Yorke,Niemetz,5,0,1991,yniemetzn3@comsenz.com,+998 640 781 5506
833,Camala,Ziem,3,14,1983,cziemn4@unblog.fr,+61 561 774 0031
834,Alice,Hamilton,12,28,1992,ahamiltonn5@pen.io,+55 544 813 6495
835,Worthington,Ransfield,16,13,1971,wransfieldn6@webmd.com,+60 698 558 5564
836,Barry,Vahl,0,27,1996,bvahln7@state.gov,+48 709 380 2245
837,Bev,Anfosso,6,21,1994,banfosson8@vkontakte.ru,+970 924 883 4068
838,Mendy,Ranson,1,18,2000,mransonn9@rakuten.co.jp,+95 135 437 9393
839,Glenn,Hallor,3,15,1979,ghallorna@walmart.com,+86 273 941 3392
840,Gwenneth,Skipworth,8,2,1979,gskipworthnb@stumbleupon.com,+55 988 434 0119
841,Anastasia,Filyaev,9,18,1989,afilyaevnc@epa.gov,+30 815 198 0638
842,Bridget,Loxton,3,14,1994,bloxtonnd@flavors.me,+58 224 822 3863
843,Breena,Crosgrove,3,25,1985,bcrosgrovene@paginegialle.it,+850 227 872 3510
844,Ambrose,Nutton,13,21,1985,anuttonnf@g.co,+260 690 408 3380
845,Adolphe,Gaul,14,31,1985,agaulng@virginia.edu,+48 620 837 9375
846,Ricky,Hutsby,7,22,1988,rhutsbynh@cocolog-nifty.com,+880 542 422 7841
847,Caressa,Fitzsymonds,14,27,1977,cfitzsymondsni@epa.gov,+48 300 222 7445
848,Rubetta,Baccas,3,19,1986,rbaccasnj@earthlink.net,+7 799 906 1281
849,Morse,Joris,7,11,1978,mjorisnk@google.de,+63 739 883 7110
850,Hieronymus,Greenhowe,14,23,1975,hgreenhowenl@dedecms.com,+48 862 713 8677
851,Lurlene,Kitchen,15,24,1977,lkitchennm@google.com,+34 501 885 1317
852,Kristi,Slevin,5,13,1975,kslevinnn@shutterfly.com,+62 566 805 4603
853,Wheeler,MacNeil,10,0,1979,wmacneilno@time.com,+86 613 168 3145
854,Irena,Robinette,8,12,2002,irobinettenp@sogou.com,+30 349 447 8780
855,Arv,Stores,11,6,1973,astoresnq@phpbb.com,+48 751 749 6382
856,Ned,Sargerson,3,30,1984,nsargersonnr@yellowpages.com,+380 908 287 4523
857,Paula,Starton,2,16,1996,pstartonns@linkedin.com,
858,Rosalia,Hundy,7,14,1981,rhundynt@msn.com,+52 181 610 8375
859,Pietro,Serjent,0,21,1983,pserjentnu@blinklist.com,+7 786 297 3708
860,Karim,Grason,15,0,1969,kgrasonnv@elpais.com,+687 414 858 8235
861,Jonathon,Denisyuk,3,0,1983,jdenisyuknw@hatena.ne.jp,+46 128 379 6484
862,Ulla,Maud,7,27,2002,umaudnx@mapquest.com,+63 243 216 6087
863,Austina,Clewes,5,11,1987,aclewesny@netscape.com,+66 103 218 0769
864,Darwin,Ayton,5,10,1972,daytonnz@opensource.org,+351 292 907 6546
865,Ambrosio,Innis,11,13,2001,ainniso0@hhs.gov,+7 368 237 6971
866,Skipper,Le Fleming,17,27,1999,sleflemingo1@google.cn,+86 298 174 6472
867,Ingaborg,Brattan,1,12,2002,ibrattano2@myspace.com,+86 376 485 4403
868,Rhona,Peterson,0,32,1972,rpetersono3@home.pl,+251 646 665 7599
869,Eddie,Lewzey,8,25,1977,elewzeyo4@aol.com,+86 757 632 1445
870,Juline,Yorke,1,24,1993,jyorkeo5@cyberchimps.com,+86 106 109 5064
871,Francklyn,Reisk,7,12,2002,freisko6@list-manage.com,+55 220 522 1792
872,Innis,Lourenco,0,8,1997,ilourencoo7@pinterest.com,+86 395 761 1263
873,Osborn,Pottiphar,16,25,1971,opottipharo8@house.gov,+375 266 148 5201
874,Nels,Abade,11,9,1993,nabadeo9@icq.com,+34 702 869 9476
875,Alvin,Dedmam,8,1,1972,adedmamoa@netscape.com,+62 142 646 7195
876,Jonah,Trorey,0,16,2001,jtroreyob@ocn.ne.jp,+47 476 982 5229
877,Wilton,Bambrough,17,28,1987,wbambroughoc@loc.gov,+86 123 518 7860
878,Kenyon,Cheal,2,20,1987,kchealod@hexun.com,+62 416 970 7348
879,Willie,Barden,15,14,1976,wbardenoe@simplemachines.org,+228 524 160 6520
880,Collete,Rosekilly,17,13,1985,crosekillyof@parallels.com,+86 501 647 7849
881,Eimile,Laurand,13,3,1976,elaurandog@cdbaby.com,+86 570 498 4701
882,Albrecht,Pfiffer,11,28,1971,apfifferoh@disqus.com,+60 595 689 3347
883,Wes,Wingate,15,18,1983,wwingateoi@soundcloud.com,+7 209 147 2617
884,Filberte,Cianelli,3,31,1976,fcianellioj@privacy.gov.au,+212 556 994 2778
885,Salomone,Rigler,14,15,1988,sriglerok@goodreads.com,+46 818 678 9123
886,Sebastien,Tomczak,10,0,2002,stomczakol@google.it,+52 931 862 1351
887,Joey,Gasquoine,16,10,1980,jgasquoineom@networkadvertising.org,+86 117 390 4412
888,Gilbertina,Figures,17,26,1973,gfigureson@mediafire.com,+374 722 652 8150
889,Hilda,London,7,20,1980,hlondonoo@constantcontact.com,+62 763 276 4277
890,Gus,Lampkin,4,25,1991,glampkinop@washingtonpost.com,+86 508 987 0280
891,Harlen,Malecky,11,19,1985,hmaleckyoq@bloglovin.com,+86 919 156 4302
892,Lu,Wardlaw,9,15,1977,lwardlawor@elegantthemes.com,+52 900 314 2852
893,Louie,Gatecliff,6,18,2002,lgatecliffos@mtv.com,+353 924 156 1984
894,Jillane,Medlen,8,27,1985,jmedlenot@apache.org,+86 624 115 9717
895,Marcello,Clementi,6,32,1969,mclementiou@adobe.com,+380 507 938 3288
896,Drusie,Le Marquand,17,16,1986,dlemarquandov@umich.edu,+46 238 665 9695
897,Vina,Medwell,3,6,1987,vmedwellow@hhs.gov,+86 712 874 7274
898,Annadiana,Gippes,3,26,1973,agippesox@deviantart.com,+48 111 471 5393
899,Cort,Feben,9,1,1972,cfebenoy@xing.com,+63 388 724 0918
900,Jephthah,Nibley,5,20,1993,jnibleyoz@sciencedaily.com,+86 430 987 9698
901,Renee,Klarzynski,13,17,1992,rklarzynskip0@sun.com,+86 820 177 3034
902,Gigi,Pickwell,17,13,1997,gpickwellp1@wunderground.com,
903,Giffy,Maypother,5,0,1991,gmaypotherp2@e-recht24.de,+7 186 824 4889
904,Ray,Timperley,2,13,1976,rtimperleyp3@un.org,+260 399 166 3585
905,Duff,Petroselli,12,23,1992,dpetrosellip4@webnode.com,+86 231 171 0127
906,Virginie,Isacsson,11,18,1997,visacssonp5@blog.com,+502 102 977 0624
907,Boot,Hydes,7,14,1991,bhydesp6@un.org,+352 533 863 7660
908,Christabella,Mogra,13,19,1978,cmograp7@rakuten.co.jp,+420 656 838 7224
909,Vasily,Tunno,3,23,1975,vtunnop8@census.gov,+63 525 815 8249
910,Hanson,Acland,3,32,1983,haclandp9@smh.com.au,+63 912 780 8224
911,Sayre,Waterworth,17,11,1986,swaterworthpa@dell.com,+81 696 675 0769
912,Johannes,Skamal,3,31,2002,jskamalpb@skype.com,+7 758 518 2029
913,Daisy,Bailess,12,5,2000,dbailesspc@amazon.com,+57 592 662 2989
914,Gordy,Marusyak,17,11,1980,gmarusyakpd@devhub.com,+55 753 589 5561
915,Ruy,O' Lone,6,18,2001,rolonepe@blogspot.com,
916,Si,Basezzi,14,18,1975,sbasezzipf@columbia.edu,
917,Meier,Tynan,16,9,2001,mtynanpg@facebook.com,+86 680 860 3634
918,Michaelina,Huggan,13,24,1985,mhugganph@github.io,+62 857 836 8709
919,Britta,Leonards,12,7,2002,bleonardspi@mozilla.com,+7 122 595 2313
920,Moshe,Christescu,14,27,1972,mchristescupj@friendfeed.com,+86 440 521 1018
921,Derrek,Threlkeld,7,8,1991,dthrelkeldpk@sogou.com,+48 679 486 0922
922,Ripley,Castenda,12,2,1995,rcastendapl@g.co,+56 180 297 7706
923,Fanchette,Mulvin,10,15,1992,fmulvinpm@cnn.com,+54 608 605 3595
924,Bambie,Deetlof,3,7,1991,bdeetlofpn@drupal.org,+63 506 818 1325
925,Marya,Yeowell,15,18,1997,myeowellpo@cpanel.net,+972 132 127 4846
926,Prentice,Skingley,4,31,2001,pskingleypp@phoca.cz,+33 845 282 7529
927,Yancey,Nutting,2,26,1982,ynuttingpq@ucoz.ru,
928,Berkeley,De la croix,17,2,1970,bdelacroixpr@paypal.com,+509 237 424 9852
929,Gallagher,Windybank,3,20,1989,gwindybankps@cocolog-nifty.com,+49 451 708 3581
930,Margalo,Adlam,4,4,1984,madlampt@statcounter.com,+57 186 664 6068
931,Marielle,Holtum,3,32,2000,mholtumpu@fotki.com,+84 767 652 8716
932,Farah,Mandell,13,22,1992,fmandellpv@over-blog.com,+62 744 169 5188
933,Northrop,Frisdick,9,5,1978,nfrisdickpw@facebook.com,+359 469 818 1081
934,Orel,McNelis,4,25,1973,omcnelispx@answers.com,+86 145 193 1837
935,Archie,Packe,3,19,1985,apackepy@technorati.com,
936,Sylvan,Kemp,4,15,1997,skemppz@sohu.com,+46 978 798 9351
937,Candace,Mosson,1,32,1991,cmossonq0@intel.com,+62 174 272 9009
938,Greer,Skyme,15,18,1970,gskymeq1@ucoz.ru,+267 437 711 7679
939,Zelda,Eard,8,23,1989,zeardq2@nba.com,+86 848 749 9843
940,Sheffy,Tingey,6,7,1978,stingeyq3@stumbleupon.com,+62 292 238 4700
941,Roldan,Plester,1,7,1973,rplesterq4@indiatimes.com,+48 551 188 1343
942,Garald,Chinnock,4,1,1983,gchinnockq5@uol.com.br,+976 185 129 9287
943,Mahalia,Stoll,2,4,1994,mstollq6@blogs.com,+351 892 717 2519
944,Corny,Ibel,1,1,1988,cibelq7@sogou.com,+7 458 991 8620
945,Athena,Beharrell,17,29,2001,abeharrellq8@economist.com,+387 973 840 7391
946,Paddy,Wardrop,12,11,1990,pwardropq9@java.com,+86 896 125 8636
947,Eleanora,Nelissen,5,15,1970,enelissenqa@cafepress.com,+86 373 173 3383
948,Aile,Ragat,2,4,1988,aragatqb@themeforest.net,+55 379 121 5836
949,Rubina,Couroy,12,2,1987,rcouroyqc@cdc.gov,+380 390 463 8417
950,Akim,O'Leary,12,27,1986,aolearyqd@myspace.com,+63 448 483 1867
951,Merrielle,Abatelli,16,1,1975,mabatelliqe@fotki.com,+62 458 593 9678
952,Eadmund,Giamuzzo,2,17,1980,egiamuzzoqf@ebay.co.uk,+39 406 574 5274
953,Isa,Ovell,4,28,2000,iovellqg@about.com,+1 762 443 9496
954,Marlyn,Nyland,7,25,1993,mnylandqh@livejournal.com,+27 321 430 7507
955,Tadeo,Iacovozzo,13,32,1973,tiacovozzoqi@yelp.com,+86 596 530 3951
956,Berty,Strongitharm,17,22,1981,bstrongitharmqj@sohu.com,+260 789 978 9439
957,Janene,Entissle,6,30,1996,jentissleqk@yellowpages.com,
958,Jonas,Pryce,9,14,2002,jpryceql@spotify.com,+63 726 637 6966
959,Phyllida,O'Duane,3,11,1977,poduaneqm@discovery.com,+63 189 357 7479
960,Lucina,Unthank,16,32,1974,lunthankqn@dropbox.com,+376 933 933 7018
961,Nap,Ketton,2,26,2000,nkettonqo@nydailynews.com,+54 717 530 4744
962,Lauri,Coper,3,26,1973,lcoperqp@purevolume.com,+94 477 433 7917
963,Rochell,Caudrelier,10,5,1981,rcaudrelierqq@rambler.ru,+1 817 864 0694
964,Tallie,Nipper,6,15,2000,tnipperqr@hp.com,+420 483 126 2093
965,Leila,Cummins,15,26,1995,lcumminsqs@barnesandnoble.com,+86 537 884 6641
966,Delaney,Durek,1,29,2002,ddurekqt@google.fr,+62 291 576 0495
967,Dorisa,Sinton,17,17,1989,dsintonqu@mediafire.com,+351 400 289 5159
968,Amii,Mound,14,19,1976,amoundqv@time.com,+86 425 100 4245
969,Scot,Hammon,12,5,1997,shammonqw@psu.edu,+57 996 282 6425
970,Mirella,Haborn,11,4,1987,mhabornqx@hao123.com,+7 104 746 7137
971,Opaline,Joplin,10,28,1995,ojoplinqy@earthlink.net,+1 766 975 4808
972,Jimmie,Josipovic,3,25,1969,jjosipovicqz@hugedomains.com,+81 562 879 7465
973,Clemens,Throssell,10,21,1993,cthrossellr0@cbsnews.com,+48 445 119 7384
974,Spencer,Fessler,5,4,1990,sfesslerr1@usatoday.com,
975,Garrott,Oels,12,22,1998,goelsr2@oracle.com,+62 567 948 2144
976,Josee,Dodson,7,30,1987,jdodsonr3@tinyurl.com,+33 232 592 7290
977,Juana,Scamerden,9,20,2000,jscamerdenr4@chron.com,+86 859 760 7033
978,Whitney,Holme,14,3,1983,wholmer5@cafepress.com,+237 955 715 9339
979,Ethelin,Lathwell,4,24,1991,elathwellr6@yandex.ru,+92 101 730 7932
980,Konstantin,Pulford,17,16,1975,kpulfordr7@qq.com,+86 850 679 1145
981,Bunnie,Karpychev,11,2,1993,bkarpychevr8@tripod.com,+62 368 729 1636
982,Pat,Doiley,12,4,1990,pdoileyr9@ox.ac.uk,+7 582 267 5872
983,Salmon,Jakubowsky,10,19,1991,sjakubowskyra@discuz.net,+48 848 553 8779
984,Crissie,Assender,12,32,1999,cassenderrb@nydailynews.com,+86 420 595 7828
985,Henrietta,Nyles,14,9,1981,hnylesrc@illinois.edu,+1 717 472 4882
986,Ferris,Jeness,11,28,1981,fjenessrd@archive.org,+86 218 498 5179
987,Blayne,Hing,8,6,1969,bhingre@adobe.com,
988,Hugh,Eccleshall,15,21,1988,heccleshallrf@prlog.org,+46 419 927 9904
989,Amelita,Lulham,11,23,1991,alulhamrg@microsoft.com,+62 642 808 4801
990,Werner,Pecht,6,16,2000,wpechtrh@trellian.com,+229 127 223 7442
991,Matelda,Guierre,5,29,1971,mguierreri@shop-pro.jp,+86 651 187 3498
992,Deeann,Molloy,6,22,1971,dmolloyrj@umn.edu,+7 568 817 8464
993,Reagan,McNirlin,8,1,2002,rmcnirlinrk@opensource.org,
994,Sonnnie,Uren,9,26,1988,surenrl@usnews.com,+86 860 422 1181
995,Leo,Salliss,5,0,1980,lsallissrm@bigcartel.com,+351 246 831 2043
996,Chantalle,Haldane,4,3,1994,chaldanern@seattletimes.com,+380 255 875 0184
997,Pedro,Parades,14,18,1974,pparadesro@dot.gov,+62 622 838 6156
998,Erminia,Edgeson,1,0,1998,eedgesonrp@pen.io,+84 491 457 7151
999,Novelia,Lamas,3,3,1988,nlamasrq@mlb.com,+358 987 256 9102
1000,Rolf,Ebbers,2,13,1975,rebbersrr@yale.edu,+242 353 123 1712
